{
  "name": "知识浓缩存储",
  "icon": "thermal:xp_storage_augment",
  "category": "thermal:augments",
  "read_by_default": true,
  "pages": [
    {
      "type": "crafting",
      "recipe": "thermal:augments/xp_storage_augment",
      "title": "知识浓缩存储",
      "text": "“知识浓缩存储”增强允许机器或设备从配方及世界中获取经验。初始状态下该增强会提供 2,500 点的经验存储空间，可使用$(l:thermal:technology/augments/integral_components)整合组件$(/l)对此进行扩容。"
    },
    {
      "type": "text",
      "text": "装载了该增强的方块会在其界面的右下角显示一个图案同$(l:thermal:equipment/tools/xp_crystal)洞见水晶$(/l)的按钮。点击该按钮可取出内部存储的经验。"
    }
  ]
}
