{
  "name": "冰川结冻系列",
  "icon": "thermal:ice_tnt",
  "read_by_default": true,
  "flag": "mod:thermal_innovation",
  "category": "thermal:explosives",

  "pages": [
    {
      "type": "text",
      "text": "冰川结冻系列的爆炸物能够冻结一整片区域并使受到波及的生物受到$(l:thermal:world/mobs/blizz)冻僵 II$(/l) 效果。方块型的炸药与物品型的可投掷炸弹分别具有 9 格及 5 格的爆炸半径。"


    },
    {
      "type": "crafting",
      "recipe": "thermal:ice_tnt",
      "recipe2": "thermal:ice_grenade_4"


    },
    {
      "flag": "&mod:thermal_innovation,mod:thermal_locomotion",
      "type": "crafting",
      "recipe": "thermal:ice_tnt_minecart",
      "title": "冰川结冻炸药矿车"


    }
  ]

}