{
    "name": "自然祭坛",
    "icon": "naturesaura:nature_altar",
    "category": "using",
    "advancement": "naturesaura:aura_bottle_overworld",
    "priority": true,
    "turnin": "naturesaura:infused_materials",
    "pages": [
        {
            "type": "text",
            "text": "在前期，使用$(item)自然祭坛$()一种原始但有效的$(#419600)灵气$()收集方法。在搭建了下页展示的结构后，祭坛就会开始缓慢地吸取附近的$(#419600)灵气$()。不过，祭坛吸取$(#419600)灵气$()的力量不够强，无法通过将$(#419600)灵气$()抽取殆尽来对环境造成伤害。$(br)被收集的$(#419600)灵气$()可以用于接下来几页展示的用途。"
        },
        {
            "type": "multiblock",
            "multiblock_id": "naturesaura:altar",
            "text": "$(item)自然祭坛$()的组装方法。"
        },
        {
            "type": "naturesaura:tree_ritual",
            "text": "使用$(l:practices/tree_ritual)森林仪式$()制作$(item)自然祭坛$()",
            "recipe": "naturesaura:nature_altar"
        },
        {
            "type": "crafting",
            "recipe": "naturesaura:gold_brick",
            "text": "制作用于$(item)自然祭坛$()多方块结构中的$(item)黄金石砖$()"
        },
        {
            "type": "text",
            "text": "当$(item)自然祭坛$()收集到了足够的$(#419600)灵气$()，它就能开始将其灌注入物品或特定材料中。要进行灌注，只需将任意材料放在祭坛上，并等待灌注完成即可。$(br2)在未来，你可能会遇到在灌注时需要祭坛附近存在其他种类$(#419600)灵气$()的材料，这种情况下将需要建造$(l:using/crimson_altar)猩红祭坛$()。"
        },
        {
            "type": "naturesaura:altar",
            "text": "制作$(item)灌注铁$()。这是一种被$(#419600)灵气$()祝福的材料，这种祝福使其能被用于多种魔法的$(thing)自然物品$()。$(br)注意，同样的灌注也能对这种材料的方块形式生效。",
            "recipe": "naturesaura:infused_iron"
        },
        {
            "type": "naturesaura:altar",
            "text": "制作$(item)灌注石$()，一种使用$(#419600)灵气$()灌注过的尘世材料。",
            "recipe": "naturesaura:infused_stone"
        }
    ]
}
