{
    "name": "自然修补",
    "icon": "minecraft:enchanted_book",
    "category": "using",
    "advancement": "naturesaura:infused_tools",
    "pages": [
        {
            "type": "text",
            "text": "认知到了$(l:items/infused_iron_tools)灌注铁工具$()的力量后，你可能会想让其他工具也有灌注铁工具中的一些特殊能力，特别是在$(#419600)灵气$()帮助下的$(thing)自我修复$()。$(item)自然修补$()附魔能给予任何工具或盔甲这种能被$(#419600)灵气$()修复的能力，只要使用者携带着$(l:items/aura_cache)灵气缓存$()或类似的存储设备。"
        },
        {
            "type": "text",
            "text": "要进行工具修复，除了这个附魔还需要手持该物品并$(thing)潜行$()。$(p)需要指出的是，虽然不是极其稀有，这个附魔的出现率也少到和$(item)抢夺$()相近。"
        }
    ]
}
