{
    "name": "猩红祭坛",
    "icon": "naturesaura:nature_altar",
    "category": "using",
    "advancement": "naturesaura:aura_bottle_nether",
    "priority": true,
    "turnin": "naturesaura:tainted_gold",
    "pages": [
        {
            "type": "text",
            "text": "$(l:using/altar)自然祭坛$()尽管能将铁变成$(item)灌注铁$()，但这一过程在其他区域进行得并不顺利，特别是$(thing)下界$()，这个有着更黑暗$(#419600)灵气$()的地方。不过，在这里可以建造$(item)猩红祭坛$()，一种与$(thing)自然祭坛$()非常类似的结构。这种结构不能制造$(item)灌注铁$()，但作为代替，能将$(item)黄金$()变成$(item)污染黄金()。要进行这一灌注，需要搭建下页展示的结构。"
        },
        {
            "type": "text",
            "text": "应当注意的是，尽管看着不同，$(item)猩红祭坛$()方块本身并非不同的方块——它仅仅是$(item)自然祭坛$()出现在幽灵般$(#419600)灵气$()中后，由于其固有的$(#419600)灵气$()灌注展现出的模样。类似的事情对于任何$(item)催化器$()也适用：只是将它们放在猩红祭坛上就能使它们的幽灵配方也生效。"
        },
        {
            "type": "multiblock",
            "multiblock_id": "naturesaura:nether_altar",
            "text": "$(item)猩红祭坛$()的组建过程。$(item)绯红木板$()可以用$(item)诡异木板$()代替。"
        },
        {
            "type": "crafting",
            "recipe": "naturesaura:gold_nether_brick",
            "text": "制作$(item)黄金下界砖$()，这种砖块被用于$(item)猩红祭坛$()的多方块结构中"
        },
        {
            "type": "naturesaura:altar",
            "text": "制作$(item)污染黄金$()，一种被幽灵般$(#419600)灵气$()的力量祝福的材料。$(br)注意，同样的灌注也能对这种材料的方块形式生效。",
            "recipe": "naturesaura:tainted_gold"
        }
    ]
}
