{
    "name": "崩坏催化器",
    "icon": "naturesaura:crushing_catalyst",
    "category": "using",
    "advancement": "naturesaura:infused_materials",
    "pages": [
        {
            "type": "text",
            "text": "$(l:using/altar)自然祭坛$()在将$(#419600)灵气$()之力灌注到特定物品时很有用，但它也能用于将一些物品$(thing)压碎$()成不同的形状。$(br)要实现这一点，只需制作$(item)崩坏催化器$()，并将其放在祭坛周围 4 个更低的$(item)黄金石砖$()方块上，然后像平时一样放置原料。"
        },
        {
            "type": "naturesaura:tree_ritual",
            "text": "使用$(l:practices/tree_ritual)森林仪式$()制作$(item)崩坏催化器$()。",
            "recipe": "naturesaura:crushing_catalyst"
        },
        {
            "type": "naturesaura:altar",
            "text": "通过碾碎$(item)骨头$()制作$(item)骨粉$()",
            "recipe": "naturesaura:bone"
        },
        {
            "type": "naturesaura:altar",
            "text": "从甘蔗中分离$(item)糖$()",
            "recipe": "naturesaura:sugar"
        },
        {
            "type": "naturesaura:altar",
            "text": "利用下界的材料制作$(item)烈焰粉$()",
            "recipe": "naturesaura:blaze"
        },
        {
            "type": "naturesaura:altar",
            "text": "通过破坏$(item)荧石$()制作$(item)荧石粉$()",
            "recipe": "naturesaura:glowstone"
        },
        {
            "type": "naturesaura:altar",
            "text": "通过粉碎$(item)圆石$()制作$(item)沙子$()",
            "recipe": "naturesaura:sand"
        },
        {
            "type": "naturesaura:altar",
            "text": "用$(item)黄金树叶$()制作$(item)金叶粉$()",
            "recipe": "naturesaura:gold_powder"
        }
    ]
}
