{
    "name": "无感知建造器",
    "icon": "naturesaura:placer",
    "category": "using",
    "advancement": "naturesaura:infused_materials",
    "pages": [
        {
            "type": "text",
            "text": "有许多活动需要人的存在才能进行，其中大多数是为了在世界中$(thing)放置$()方块。这一点，说真的，实在是人力的浪费，尤其是在$(#419600)灵气$()能代为工作的时代。$(item)无感知建造器$()会消耗少量$(#419600)灵气$()作为代价来放置你提供的任何方块。$(br)建造器会从其顶部的任何$(thing)物品容器$()中收集要用来放置的方块。"
        },
        {
            "type": "text",
            "text": "要指定在哪种方块上进行放置，你需要在建造器上挂一个$(item)物品展示框$()，然后将目标方块放在展示框里面。之后建造器就会在大约 $(thing)5 个方块的范围内$()将箱子里的方块放在展示框指示的方块上。$(br)举个例子，在展示框放置一个圆石，在箱子里放一组木板，之后木板就会被放在附近的圆石上方。$(p)通入一个红石信号会使建造器停止放置。"
        },
        {
            "type": "crafting",
            "text": "制作$(item)无感知建造器$()",
            "recipe": "naturesaura:placer"
        },
        {
            "type": "crafting",
            "text": "$(item)耕作模板$()可以用在建造器上，使建造器能在$(item)耕地$()上放东西。将模板像普通方块一样放在展示框里就能让建造器识别。",
            "recipe": "naturesaura:farming_stencil"
        }
    ]
}
