{
    "name": "凛冬的呼唤",
    "icon": "naturesaura:snow_creator",
    "category": "using",
    "advancement": "naturesaura:sky_ingot",
    "pages": [
        {
            "type": "text",
            "text": "有时，特别是在某些假日时，会有人想要寒冷到来，并将世界覆盖在白地毯里。当前，由于$(italic)一些情况$()，这一现象已经变得越来越稀有。$(item)凛冬的呼唤$()通过消耗一点$(#419600)灵气$()来使附近大范围降雪，将这一现象带了回来。"
        },
        {
            "type": "text",
            "text": "此外，水也会冻结成冰，相当偶然的情况下，还会生成一些雪傀儡来帮助用雪覆盖大地。要维持这一进程，需要持续提供$(thing)红石信号$()。信号强度越强，会降雪的区域也越大。"
        },
        {
            "type": "crafting",
            "text": "制作$(item)凛冬的呼唤$()$(p)$(italic)冰川沉淀器",
            "recipe": "naturesaura:snow_creator"
        }
    ]
}
