{
    "name": "湮灭玫瑰",
    "icon": "naturesaura:end_flower",
    "category": "creating",
    "advancement": "naturesaura:end_flower",
    "pages": [
        {
            "type": "text",
            "text": "众所周知，$(thing)末影龙$()是一只相当凶猛的怪兽。它比任何生物都更能保护$(thing)末地$(), 但它是可以被击败的。击杀末影龙代表的不仅是大量的骄傲和一个末影龙后代的象征，也代表着$(item)湮灭玫瑰$()。龙死亡时, 玫瑰会在末地岛屿的地面萌发，使其可以被植物学家收获并放置在任何维度。"
        },
        {
            "type": "spotlight",
            "item": "naturesaura:end_flower",
            "text": "这种玫瑰蕴含大量的$(#419600)灵气$()，这些$(#419600)灵气$()可以被一种有趣的方式提取：在靠近玫瑰的地方丢一个$(item)末影之眼$()会使得玫瑰变成$(#419600)灵气$()并散布到环境中。这个过程一旦开始就无法停止，此时玫瑰也无法被采集。注意，这个过程$(italic)不$()需要$(l:creating/generator_limit_remover)制造催化器$()。",
            "link_recipe": true
        }
    ]
}
