{
    "name": "射击标靶",
    "icon": "naturesaura:projectile_generator",
    "category": "creating",
    "advancement": "naturesaura:sky_ingot",
    "pages": [
        {
            "type": "text",
            "text": "$(thing)弹射物$()的力量，在一些情况下，强大到足以穿透活物，甚至能通过传送的方式移动它们。不过，这种力量也能用来产生$(#419600)灵气$()：$(item)射击标靶$()能将射向它的弹射物的力量转换为$(#419600)灵气$()并散播到环境中。"
        },
        {
            "type": "text",
            "text": "在这方面，不同的弹射物产生$(#419600)灵气$()的量不同⸺比如，一个$(item)雪球$()产生的灵气远远少于，比如，一个$(item)末影珍珠$()。$(p)但是有一个警告：弹射物必须从朝北的面开始$(thing)轮流$()射击其四个侧面。射击到未激活的面不会产生$(#419600)灵气$()。"
        },
        {
            "type": "crafting",
            "recipe": "naturesaura:projectile_generator",
            "text": "制作$(item)射击标靶$()"
        }
    ]
}
