{
  "name": "野生鹦鹉",
  "icon": "occultism:textures/gui/book/parrot.png",
  "category": "occultism:rituals/summoning",
  "sortnum": 12,
  "pages": [
    {
      "type": "entity",
      "entity": "minecraft:parrot",
      "text": "$(bold)提供$()：一只鹦鹉"
    },
    {
      "type": "occultism:ritual",
      "recipe": "occultism:ritual/summon_wild_parrot"
    },
    {
      "type": "text",
      "text": "仪式会将一只$(thing)魔精$()以$(bold)未驯服魔灵$()的形式召唤出来，而对$(thing)鸡$()的屠宰和供奉的染料能诱使魔精选用鹦鹉的形态。不过，由于$(thing)魔精$()并不属于最聪明的魔灵之列，它们有时会误解这一指示⋯⋯"}
  ]
}

