{
  "name": "机器操作员",
  "icon": "occultism:textures/gui/book/autocrafting.png",
  "category": "occultism:storage",
  "sortnum": 4,
  "pages": [
    {
      "type": "text",
      "text": "$(l:rituals/summoning/summon_manage_machine)机器操作员$(/l)是一类能自动化熔炉和其他机器的魔灵。将物品放在存储促动器 GUI 的命令槽中，魔灵就会将物品放在其负责的机器中，并将合成结果送回存储系统。"},
    {
      "type": "empty",
      "draw_filler": false
    }
  ]
}
