{
  "name": "幼仔分管机",
  "icon": "industrialforegoing:animal_baby_separator",
  "category": "agriculture_husbandry",
  "sortnum": 16,
  "read_by_default": true,
  "pages": [
    {
      "type": "text",
      "text": "一台用来将$(6)幼年$()动物从成年动物中分离的机器。幼年动物会被传送到机器的后方。你也可以在 GUI 中改变被分离的生物类型（幼年还是成年）。"
    },
    {
      "type": "crafting",
      "recipe": "industrialforegoing:animal_baby_separator"
    }
  ]
}