{
  "name": "屠宰机",
  "icon": "industrialforegoing:mob_crusher",
  "category": "agriculture_husbandry",
  "sortnum": 6,
  "read_by_default": true,
  "pages": [
    {
      "type": "text",
      "text": "一台用来$(6)杀死$()怪物的机器，并且会产生玩家击杀才会掉落的战利品以及精华液。掉落物直接来源于怪物战利品表。$(br2)这台机器有一个备选模式，可以牺牲精华液的产出，换来随机$(6)抢夺$()等级的掉落物。"
    },
    {
      "type": "crafting",
      "recipe": "industrialforegoing:mob_crusher"
    }
  ]
}