{
  "name": "自动刷怪机",
  "icon": "industrialforegoing:mob_duplicator",
  "category": "agriculture_husbandry",
  "read_by_default": true,
  "pages": [
    {
      "type": "text",
      "text": "一台用于刷怪的机器。给它提供能量、$(l:agr_hus/essence)精华液$()和一个装有任意实体的$(l:tools/mib)大师球$()，它就会在附近生成相应的怪物。$(br2)它还会检测附近实体的数量以防产生过多的怪物。"
    },
    {
      "type": "crafting",
      "recipe": "industrialforegoing:mob_duplicator"
    }
  ,
    {
      "type": "crafting",
      "recipe": "industrialforegoing:mob_imprisonment_tool"
    }
  ]
}
