{
  "name": "凋零生成器",
  "icon": "industrialforegoing:wither_builder",
  "category": "agriculture_husbandry",
  "read_by_default": true,
  "pages": [
    {
      "type": "text",
      "text": "一台用来生成凋灵的机器。给它提供能量、$(6)3个凋灵骷髅头颅$()和$(6)4个灵魂沙$()，它就会在工作范围内完整地建造出生成凋灵的多方块结构。"
    },
    {
      "type": "crafting",
      "recipe": "industrialforegoing:wither_builder"
    }
  ]
}
