{
  "name": "天气魔法",
  "icon": "minecraft:wheat",
  "category": "occultism:rituals/summoning",
  "sortnum": 30,
  "pages": [
    {
      "type": "text",
      "text": "天气魔法对于农民和需要特定天气的人来说特别实用。其具体原理为召唤出能改变天气的魔灵。不同种类的天气变化需要不同等级的魔灵力量。"
    },
    {
      "type": "occultism:ritual",
      "recipe": "occultism:ritual/summon_djinni_clear_weather"
    },
    {
      "type": "occultism:ritual",
      "recipe": "occultism:ritual/summon_afrit_rain_weather"
    },
    {
      "type": "occultism:ritual",
      "recipe": "occultism:ritual/summon_afrit_thunder_weather"
    }
  ]
}

