{
  "name": "凋灵骷髅头颅",
  "icon": "minecraft:wither_skeleton_skull",
  "category": "occultism:rituals/summoning",
  "sortnum": 40,
  "pages": [
    {
      "type": "text",
      "text": "除了冒险进入下界的地牢外，还有另一种办法得到这种头颅。传奇的$(thing)狂猎$()队伍中的高等魔灵，就以凋灵骷髅的形态现身。虽然召唤狂猎极端危险，但这是最快获取凋灵骷髅头颅的方式。"
    },
    {
      "type": "occultism:ritual",
      "recipe": "occultism:ritual/summon_wild_hunt"
    }
  ]
}

