{
  "name": "生物燃油（桶）",
  "icon": "industrialforegoing:biofuel_bucket",
  "category": "industrialforegoing:generators",
  "sortnum": 1,
  "read_by_default": true,
  "pages": [
    {
      "type": "text",
      "text": "一种紫色的液体，通过使用植物、染料和一些奇怪的东西比如头颅，在$(l:generators/bioreactor)生物反应器$()中加工而成。$(br2)可以作为$(l:generators/biofuel_generator)生物燃油发电机$()或$(l:tools/infinity_tools)无限工具$()的燃料."
    }
  ]
}