{
  "name": "生物反应器",
  "icon": "industrialforegoing:bioreactor",
  "category": "industrialforegoing:generators",
  "sortnum": 2,
  "read_by_default": true,
  "pages": [
    {
      "type": "text",
      "text": "一台产出生物燃油的机器，给它提供水、一些$(6)种子$()、$(6)树苗$()、$(6)染料$()以及……$(6)头颅$()(?)它就会产出$(l:generators/biofuel)生物燃油$()。$(br2)提供物品种类越多样，反应器中单位物品产出的生物燃油就越多。打个比方：只有一种原料的反应器每个物品只能产出$(6)80$()mb，而反应器中如果有四种不同的原料，单位物品就能产出$(6)110$()mb，四个加起来就是$(6)440$()mb。"
    },
    {
      "type": "crafting",
      "recipe": "industrialforegoing:bioreactor"
    }
  ]
}