{
    "title": "特性",
    "text": [
        { "text": "• 每个矿石出产2锭矿物（默认配置）" },
        { "text": "\n• 允许批量熔炼" },
        { "text": "\n• 可容纳多种金属" },
        { "text": "\n• 储量可拓展" },
        { "text": "\n• 可以制作合金" },
        { "text": "\n• 燃料效率由大小决定" },
        { "text": "\n• 允许熔炼生物以获取珍稀材料" },
        { "text": "\n• 同时熔炼大量材料的理想设备" }
    ]
}