{
  "name": "红图",
  "icon": "thermal:redprint",
  "category": "thermal:technology",
  "read_by_default": true,
  "pages": [
    {
      "type": "text",
      "text": "红图可以十分轻松地复制并粘贴机器配置！手持红图右击一台已经过配置的机器即可将配置复制并保存至红图，随后右击目标机器即可使其应用红图中保存的配置。手持红图潜行右击可清除配置。副手持握存有配置的红图时所放置的机器将自动应用红图中保存的配置。"
    },
    {
      "type": "crafting",
      "recipe": "thermal:tools/redprint",
      "title": "红图"
    }
  ]
}