{
  "name": "工匠工作台",
  "icon": "thermal:tinker_bench",
  "category": "thermal:technology",
  "sortnum": -1,
  "read_by_default": true,
  "pages": [
    {
      "type": "text",
      "text": "工匠工作台是一种兼有电力充能、流体灌装及增强装载功能的设备，拥有“充能/灌装”及“增强”两种模式，通过界面中物品槽位下方的按钮进行切换。在“增强”模式中加装的增强仅在模式发生切换或目标物品/方块被取出时方能生效。"
    },
    {
      "type": "crafting",
      "recipe": "thermal:tinker_bench",
      "title": "工匠工作台"
    },
    {
      "type": "text",
      "title": "兼容增强",
      "text": "$(li)$(l:thermal:technology/augments/integral_components)整合组件$(/l)$(li)$(l:thermal:technology/augments/item_filter)物品过滤规制$(/l)$(li)$(l:thermal:technology/augments/rf_coil)扩展通量线圈$(/l)$(li)$(l:thermal:technology/augments/rf_coil_storage)稳态通量线圈$(/l)$(li)$(l:thermal:technology/augments/rf_coil_xfer)强导通量线圈$(/l)$(li)$(l:thermal:technology/augments/fluid_tank)液槽扩容升级$(/l)"
    }
  ]
}