{
  "name": "塞维拉永囚咒",
  "icon": "occultism:textures/gui/book/pentagram_rose.png",
  "category": "occultism:pentacles",
  "sortnum": 31,
  "pages": [
    {
      "type": "text",
      "text": "$(bold)目标：$()束缚火灵$(br2)$(thing)永囚咒$()最初由大魔法师余烬森林的塞维拉发现，用于将$(thing)火灵$()束缚进物体之中。由于涉及到拥有强大力量的魔灵，相关仪式只应该由高级魔法师进行。"},
    {
      "type": "multiblock",
      "name": "",
      "multiblock_id": "occultism:pentacle.craft_afrit"
    },
    {
      "type": "text",
      "title": "用途",
      "text": "$(li)$(l:rituals/crafting/craft_stabilizer_tier3)等级 3 存储稳定器$(/l)$()"
    }
  ]
}
