{
  "name": "奥索林的无约束呼唤",
  "icon": "occultism:textures/gui/book/pentagram_rose.png",
  "category": "occultism:pentacles",
  "sortnum": 32,
  "pages": [
    {
      "type": "text",
      "text": "$(bold)目标：$()召唤未约束的高等魔灵$(br2)$(thing)奥索林的无约束呼唤$()基于$(thing)阿巴拉斯开环召唤术$()修改而来，但没有任何稳定装置。五芒星没有对魔法师的任何保护，但能对高等魔灵进行无法抵抗的召唤。"},
    {
      "type": "multiblock",
      "name": "",
      "multiblock_id": "occultism:pentacle.summon_wild_greater_spirit"
    },
    {
      "type": "text",
      "title": "用途",
      "text": "$(li)$(l:rituals/summoning/wither_skull)凋灵骷髅头颅$(/l)$()"
    }
  ]
}
