{
  "name": "growthcraft.entry.apples_crafting",
  "icon": "growthcraft_apples:apple_wood_log",
  "category": "growthcraft:apples",
  "sortnum": 1,
  "pages": [
    {
      "type": "text",
      "text": "用苹果树木来制作相关的木制品。"
    },
    {
      "type": "image",
      "images": [
        "growthcraft_apples:textures/patchouli/screenshots/apple_blocks.png"
      ]
    },
    {
      "type": "crafting",
      "recipe": "growthcraft_apples:apple_plank",
      "recipe2": "growthcraft_apples:apple_plank_button"
    },
    {
      "type": "crafting",
      "recipe": "growthcraft_apples:apple_plank_slab",
      "recipe2": "growthcraft_apples:apple_plank_stairs"
    },
    {
      "type": "crafting",
      "recipe": "growthcraft_apples:apple_plank_fence",
      "recipe2": "growthcraft_apples:apple_plank_fence_gate"
    },
    {
      "type": "crafting",
      "recipe": "growthcraft_apples:apple_plank_door",
      "recipe2": "growthcraft_apples:apple_plank_trapdoor"
    },
    {
      "type": "text",
      "text": " "
    }
  ]
}