{
    "name": "降生祭坛",
    "icon": "naturesaura:animal_spawner",
    "category": "using",
    "advancement": "naturesaura:sky_ingot",
    "pages": [
        {
            "type": "text",
            "text": "有时，$(thing)创造$()特定生物的能力对一些有点可怕的植物学家来说会很有用。这时，可以使用$(item)降生祭坛$()：它能创造并生成几乎任何种类的$(thing)生物$()，只需要消耗一些与其相关的原料和一点环境中的$(#419600)灵气$()。"
        },
        {
            "type": "text",
            "text": "要使祭坛工作，需要组装接下来展示的正确结构，并且使用$(item)降生之魂$()，详细如下：所有原料，包括$(item)降生之魂$()，都需要被扔在接近$(item)降生祭坛$()的地面上，然后降生过程就会自动开始。$(p)接下来的几页概述了祭坛的正确构造，获取$(item)降生之魂$()的方式和所有能生成的生物。"
        },
        {
            "type": "spotlight",
            "item": "naturesaura:birth_spirit",
            "link_recipe": true,
            "text": "祭坛工作时需要的$(item)降生之魂$()，可通过在$(#419600)灵气$()稍过量的地方繁殖被动动物轻松获得。每次有新的幼年动物诞生，都有机会创造少量$(item)降生之魂$()。"
        },
        {
            "type": "crafting",
            "recipe": "naturesaura:animal_spawner",
            "text": "制作$(item)降生祭坛$()"
        },
        {
            "type": "multiblock",
            "multiblock_id": "naturesaura:animal_spawner",
            "text": "要使$(item)降生祭坛$()正常工作，需要围绕祭坛建造这样的结构。"
        },
        {
            "type": "naturesaura:animal_spawner",
            "recipe": "naturesaura:cow"
        },
        {
            "type": "naturesaura:animal_spawner",
            "recipe": "naturesaura:sheep_white",
            "text": "$(item)羊毛$()的颜色决定了创造出$(thing)绵羊$()的颜色。"
        },
        {
            "type": "naturesaura:animal_spawner",
            "recipe": "naturesaura:chicken"
        },
        {
            "type": "naturesaura:animal_spawner",
            "recipe": "naturesaura:pig"
        },
        {
            "type": "naturesaura:animal_spawner",
            "recipe": "naturesaura:blaze"
        },
        {
            "type": "naturesaura:animal_spawner",
            "recipe": "naturesaura:ghast"
        },
        {
            "type": "naturesaura:animal_spawner",
            "recipe": "naturesaura:ocelot"
        },
        {
            "type": "naturesaura:animal_spawner",
            "recipe": "naturesaura:mule"
        },
        {
            "type": "naturesaura:animal_spawner",
            "recipe": "naturesaura:bat"
        },
        {
            "type": "naturesaura:animal_spawner",
            "recipe": "naturesaura:endermite"
        },
        {
            "type": "naturesaura:animal_spawner",
            "recipe": "naturesaura:parrot"
        },
        {
            "type": "naturesaura:animal_spawner",
            "recipe": "naturesaura:slime"
        },
        {
            "type": "naturesaura:animal_spawner",
            "recipe": "naturesaura:spider"
        },
        {
            "type": "naturesaura:animal_spawner",
            "recipe": "naturesaura:skeleton"
        },
        {
            "type": "naturesaura:animal_spawner",
            "recipe": "naturesaura:enderman"
        },
        {
            "type": "naturesaura:animal_spawner",
            "recipe": "naturesaura:silverfish"
        },
        {
            "type": "naturesaura:animal_spawner",
            "recipe": "naturesaura:squid"
        },
        {
            "type": "naturesaura:animal_spawner",
            "recipe": "naturesaura:stray"
        },
        {
            "type": "naturesaura:animal_spawner",
            "recipe": "naturesaura:shulker"
        },
        {
            "type": "naturesaura:animal_spawner",
            "recipe": "naturesaura:husk"
        },
        {
            "type": "naturesaura:animal_spawner",
            "recipe": "naturesaura:llama"
        },
        {
            "type": "naturesaura:animal_spawner",
            "recipe": "naturesaura:rabbit"
        },
        {
            "type": "naturesaura:animal_spawner",
            "recipe": "naturesaura:magma_cube"
        },
        {
            "type": "naturesaura:animal_spawner",
            "recipe": "naturesaura:zombified_piglin"
        },
        {
            "type": "naturesaura:animal_spawner",
            "recipe": "naturesaura:polar_bear"
        },
        {
            "type": "naturesaura:animal_spawner",
            "recipe": "naturesaura:mooshroom"
        },
        {
            "type": "naturesaura:animal_spawner",
            "recipe": "naturesaura:guardian"
        },
        {
            "type": "naturesaura:animal_spawner",
            "recipe": "naturesaura:horse"
        },
        {
            "type": "naturesaura:animal_spawner",
            "recipe": "naturesaura:donkey"
        },
        {
            "type": "naturesaura:animal_spawner",
            "recipe": "naturesaura:cave_spider"
        },
        {
            "type": "naturesaura:animal_spawner",
            "recipe": "naturesaura:creeper"
        },
        {
            "type": "naturesaura:animal_spawner",
            "recipe": "naturesaura:witch"
        },
        {
            "type": "naturesaura:animal_spawner",
            "recipe": "naturesaura:wither_skeleton"
        },
        {
            "type": "naturesaura:animal_spawner",
            "recipe": "naturesaura:wolf"
        },
        {
            "type": "naturesaura:animal_spawner",
            "recipe": "naturesaura:zombie"
        },
        {
            "type": "naturesaura:animal_spawner",
            "recipe": "naturesaura:bee"
        },
        {
            "type": "naturesaura:animal_spawner",
            "recipe": "naturesaura:dolphin"
        },
        {
            "type": "naturesaura:animal_spawner",
            "recipe": "naturesaura:fox"
        },
        {
            "type": "naturesaura:animal_spawner",
            "recipe": "naturesaura:panda"
        },
        {
            "type": "naturesaura:animal_spawner",
            "recipe": "naturesaura:turtle"
        },
        {
            "type": "naturesaura:animal_spawner",
            "recipe": "naturesaura:phantom"
        },
        {
            "type": "naturesaura:animal_spawner",
            "recipe": "naturesaura:cat"
        },
        {
            "type": "naturesaura:animal_spawner",
            "recipe": "naturesaura:piglin"
        },
        {
            "type": "naturesaura:animal_spawner",
            "recipe": "naturesaura:piglin_brute"
        },
        {
            "type": "naturesaura:animal_spawner",
            "recipe": "naturesaura:hoglin"
        }
    ]
}
