{
    "name": "盔甲匠之援",
    "icon": "naturesaura:blast_furnace_booster",
    "category": "using",
    "advancement": "naturesaura:offering",
    "pages": [
        {
            "type": "text",
            "text": "自从村民科学家发现了更高等材料的用途并创造了$(item)高炉$()，魔法植物学家一直在设法进一步发展这项科技。它们发现了$(#419600)灵气$()可能适于净化任意种类的$(thing)矿物$()，以致于冶炼矿物有概率产生$(thing)两个锭$()而不是一个。"
        },
        {
            "type": "text",
            "text": "这种功能可以通过$(item)盔甲匠之援$()，实现，只需简单地将其放在$(item)高炉$()的顶部。$(p)注意，为了$(thing)自动化$()，矿物可以通过$(item)漏斗$()或类似的设备插入$(item)盔甲匠之援$()。这会使得插入的物品到达熔炼区域，就像它们被直接从$(item)高炉$()顶部插入一样。"
        },
        {
            "type": "crafting",
            "text": "制作$(item)盔甲匠之援$()",
            "recipe": "naturesaura:blast_furnace_booster"
        }
    ]
}
