{
    "name": "嬗变催化器",
    "icon": "naturesaura:conversion_catalyst",
    "category": "using",
    "advancement": "naturesaura:sky_ingot",
    "pages": [
        {
            "type": "text",
            "text": "$(l:using/altar)自然祭坛$()对于使用$(#419600)灵气$()灌注特定物品来说很有用，但是，祭坛也能助力于将物品嬗变成另一种物品。$(br)要实现这一点，只需制作$(item)嬗变催化器$()，并将其放在祭坛周围 4 个更低的$(item)黄金石砖$()方块上，然后像平时一样放置原料。"
        },
        {
            "type": "naturesaura:tree_ritual",
            "text": "使用$(l:practices/tree_ritual)森林仪式$()制作$(item)嬗变催化器$()。",
            "recipe": "naturesaura:conversion_catalyst"
        },
        {
            "type": "naturesaura:altar",
            "text": "使用末地的$(#419600)灵气$()制作$(item)龙息$()",
            "recipe": "naturesaura:breath"
        },
        {
            "type": "naturesaura:altar",
            "text": "使用僵尸的遗骸召唤$(item)皮革$()",
            "recipe": "naturesaura:leather"
        },
        {
            "type": "naturesaura:altar",
            "text": "使用俗世的谷粒制造$(item)灵魂沙$()",
            "recipe": "naturesaura:soul_sand"
        },
        {
            "type": "naturesaura:altar",
            "text": "用下界的菌类制作$(item)下界疣$()",
            "recipe": "naturesaura:nether_wart"
        },
        {
            "type": "naturesaura:altar",
            "text": "从下界的矿物中召唤出$(item)海晶碎片$()",
            "recipe": "naturesaura:prismarine"
        },
        {
            "type": "naturesaura:altar",
            "text": "使得$(thing)水$()缓缓出现在空$(item)玻璃瓶$()里",
            "recipe": "naturesaura:water"
        },
        {
            "type": "naturesaura:altar",
            "text": "将$(item)木炭$()变成$(item)煤$()",
            "recipe": "naturesaura:coal"
        },
        {
            "type": "naturesaura:altar",
            "text": "制作$(item)光灵箭$()",
            "recipe": "naturesaura:arrow"
        },
        {
            "type": "naturesaura:altar",
            "text": "制作$(item)紫颂花$()",
            "recipe": "naturesaura:chorus"
        },
        {
            "type": "naturesaura:altar",
            "text": "制作$(item)发酵蛛眼$()",
            "recipe": "naturesaura:fermented"
        },
        {
            "type": "naturesaura:altar",
            "text": "制作$(item)拴绳$()",
            "recipe": "naturesaura:lead"
        },
        {
            "type": "naturesaura:altar",
            "text": "净化$(item)毒马铃薯$()",
            "recipe": "naturesaura:potato"
        },
        {
            "type": "naturesaura:altar",
            "text": "制作$(item)海晶砂粒$()",
            "recipe": "naturesaura:prismarine_crystal"
        },
        {
            "type": "naturesaura:altar",
            "text": "制作$(item)兔子脚$()",
            "recipe": "naturesaura:rabbit_foot"
        },
        {
            "type": "naturesaura:altar",
            "text": "制作$(item)镶金黑石$()",
            "recipe": "naturesaura:gilded_blackstone"
        },
        {
            "type": "naturesaura:altar",
            "text": "制作$(item)绯红菌$()",
            "recipe": "naturesaura:crimson_fungus"
        },
        {
            "type": "naturesaura:altar",
            "text": "制作$(item)诡异菌$()",
            "recipe": "naturesaura:warped_fungus"
        },
        {
            "type": "naturesaura:altar",
            "text": "将$(item)苹果$()变成$(item)鸡蛋$()",
            "recipe": "naturesaura:egg"
        },
        {
            "type": "naturesaura:altar",
            "text": "将$(item)水$()变成$(item)奶$()$(p)$(italic)就像耶稣一样$()",
            "recipe": "naturesaura:milk"
        }
    ]
}
