{
    "name": "永恒之泉",
    "icon": "naturesaura:spring",
    "category": "using",
    "advancement": "naturesaura:offering",
    "pages": [
        {
            "type": "text",
            "text": "$(item)永恒之泉$()将$(thing)水$()的许多功能优雅地打包到一个固体结构中，甚至能在常认为$(thing)太热$()以至于水无法存在的地方使用。简单的方面来说，$(item)永恒之泉$()能用水灌满其上方的$(item)炼药锅$()、弄湿附近的$(item)海绵$()，对其使用$(item)桶$()也会获得水。它也能灌溉大约 5 格之内的$(thing)耕地$()。"
        },
        {
            "type": "text",
            "text": "此外，任何像$(item)管道$()之类的更高级的机械能从其中抽水。泉还能和$(item)熔岩$()以以下方式互动：如果熔岩放在同一水平的一格远处，会生成一个$(item)圆石$()方块。如果在竖直方向以同一距离放置，则会生成$(item)石头$()。在泉旁紧贴放置的熔岩会被变成$(item)黑曜石$()。$(n)理所当然，所有这些功能都需要或多或少的$(#419600)灵气$()。"
        },
        {
            "type": "crafting",
            "text": "组装$(item)永恒之泉$()",
            "recipe": "naturesaura:spring"
        }
    ]
}
