{
  "name": "定时扣留铁轨",
  "icon": "transport:timed_holding_rail",
  "category": "rails",
  "pages": [
    {
      "type": "text",
      "text": "$(item)定时扣留铁轨$()在一段时间内停止矿车，时间取决于当前的设置（~1/2 秒、5 秒、50 秒、500 秒）。充能时，计时器不会走时。一旦计时器走完，它就充当了加速铁轨，让矿车以轨道面向的方向移动。"
    },
    {
      "type": "crafting",
      "recipe": "transport:time_holding_rail"
    }
  ]
}
