{
  "modifier_id": "tconstruct:blasting",
  "text": [
    {
      "text": "挖掘爆炸抗性较低的方块时增加采掘速度。对爆炸抗性最低的方块，每级最高可以增加10点采掘速度。例如，挖掘类似石头的方块时每级采掘速度+1，挖掘类似陶瓦的方块时每级采掘速度+3，挖掘矿石类的柔软方块时每级采掘速度+9。"
    }
  ],
  "more_text_space": true,
  "effects": [
    "可以逐级强化",
    "最高5级",
    "每级需要1个升级槽"
  ]
}
