{
  "processor": "com.github.klikli_dev.occultism.integration.patchouli.RitualRecipeProcessor",
  "components": [
    {
      "type": "patchouli:item",
      "item": "#ritual_dummy",
      "x": 0,
      "y": 0
    },
    {
      "type": "patchouli:text",
      "text": "#pentacle",
      "x": 25,
      "y": 4
    },
    {
      "type": "patchouli:text",
      "text": "#entity_to_sacrifice",
      "x": 5,
      "y": 15
    },
    {
      "type": "patchouli:text",
      "text": "#item_to_use_text",
      "x": 5,
      "y": 25
    },
    {
      "type": "patchouli:item",
      "item": "#item_to_use",
      "x": 50,
      "y": 20
    },
    {
      "type": "patchouli:text",
      "text": "#entity_to_summon",
      "x": 5,
      "y": 130
    },
    {
      "type": "patchouli:text",
      "text": "#job",
      "x": 5,
      "y": 140
    },
    {
      "type": "patchouli:item",
      "item": "occultism:golden_sacrificial_bowl",
      "x": 40,
      "y": 75
    },
    {
      "type": "patchouli:item",
      "item": "#activation_item",
      "x": 40,
      "y": 70
    },
    {
      "type": "patchouli:item",
      "item": "#bowl5",
      "x": 25,
      "y": 40
    },
    {
      "type": "patchouli:item",
      "item": "#bowl1",
      "x": 40,
      "y": 40
    },
    {
      "type": "patchouli:item",
      "item": "#bowl9",
      "x": 55,
      "y": 40
    },
    {
      "type": "patchouli:item",
      "item": "#ingredient5",
      "x": 25,
      "y": 35
    },
    {
      "type": "patchouli:item",
      "item": "#ingredient1",
      "x": 40,
      "y": 35
    },
    {
      "type": "patchouli:item",
      "item": "#ingredient9",
      "x": 55,
      "y": 35
    },
    {
      "type": "patchouli:item",
      "item": "#bowl6",
      "x": 70,
      "y": 55
    },
    {
      "type": "patchouli:item",
      "item": "#bowl2",
      "x": 70,
      "y": 75
    },
    {
      "type": "patchouli:item",
      "item": "#bowl10",
      "x": 70,
      "y": 95
    },
    {
      "type": "patchouli:item",
      "item": "#ingredient6",
      "x": 70,
      "y": 50
    },
    {
      "type": "patchouli:item",
      "item": "#ingredient2",
      "x": 70,
      "y": 70
    },
    {
      "type": "patchouli:item",
      "item": "#ingredient10",
      "x": 70,
      "y": 90
    },
    {
      "type": "patchouli:item",
      "item": "#bowl7",
      "x": 25,
      "y": 110
    },
    {
      "type": "patchouli:item",
      "item": "#bowl3",
      "x": 40,
      "y": 110
    },
    {
      "type": "patchouli:item",
      "item": "#bowl11",
      "x": 55,
      "y": 110
    },
    {
      "type": "patchouli:item",
      "item": "#ingredient7",
      "x": 25,
      "y": 105
    },
    {
      "type": "patchouli:item",
      "item": "#ingredient3",
      "x": 40,
      "y": 105
    },
    {
      "type": "patchouli:item",
      "item": "#ingredient11",
      "x": 55,
      "y": 105
    },
    {
      "type": "patchouli:item",
      "item": "#bowl8",
      "x": 10,
      "y": 55
    },
    {
      "type": "patchouli:item",
      "item": "#bowl4",
      "x": 10,
      "y": 75
    },
    {
      "type": "patchouli:item",
      "item": "#bowl12",
      "x": 10,
      "y": 95
    },
    {
      "type": "patchouli:item",
      "item": "#ingredient8",
      "x": 10,
      "y": 50
    },
    {
      "type": "patchouli:item",
      "item": "#ingredient4",
      "x": 10,
      "y": 70
    },
    {
      "type": "patchouli:item",
      "item": "#ingredient12",
      "x": 10,
      "y": 90
    },
    {
      "type": "patchouli:item",
      "item": "occultism:golden_sacrificial_bowl",
      "x": 95,
      "y": 110
    },
    {
      "type": "patchouli:item",
      "item": "#output",
      "x": 95,
      "y": 105
    }
  ]
}
