{
  "__comment__": "This file was automatically created by mcresources",
  "name": "化学成分",
  "category": "tfc_ie_addon:tfc_ie_changes",
  "icon": "tfc:powder/saltpeter",
  "pages": [
    {
      "type": "patchouli:text",
      "text": "并不是所有的工程材料都像木材、石头和各种金属一样简单。了解基本的化学过程，对于理解可用材料的广度是至关重要的。"
    },
    {
      "type": "tfc:quern_recipe",
      "recipe": "tfc:quern/saltpeter",
      "text": "$(thing)硝石粉$()是处理$(l:the_world/ores_and_minerals#saltpeter)硝石$()以及$(thing)粉碎机$()处理$(thing)沙石$()时获得的一种碱盐。 $(thing)硝石$()可以在$(l:mechanics/quern)手推磨$()中处理。"
    },
    {
      "type": "patchouli:crafting",
      "recipe": "immersiveengineering:crafting/fertilizer",
      "text": "$(thing)硝石粉$()是用来作为生产$(thing)生物柴油$()时的催化剂，并可用于生产上方显示的$(thing)肥料$()。 "
    },
    {
      "type": "tfc:quern_recipe",
      "anchor": "sulfur",
      "recipe": "tfc:quern/sulfur",
      "text": "$(thing)硫磺$()是在某些特定矿石中发现的一种粉末，常见于$(thing)矿脉$()。 它偶尔可以在$(thing)粉碎机$()处理$(l:the_world/ores_and_minerals#sulfur)硫矿石$()或$(thing)石英块$()中发现。 $(thing)硫矿石$()也可以在$(l:mechanics/quern)手推磨$()中处理。"
    },
    {
      "type": "patchouli:crafting",
      "recipe": "tfc:crafting/gunpowder",
      "recipe2": "tfc:crafting/gunpowder_graphite"
    },
    {
      "type": "patchouli:text",
      "text": "混合$(thing)硝酸盐$()、$(thing)硫磺$()和$(thing)木炭$()可以制造火药，比起从被杀死的怪物身上掠夺火药来说，这是一个更加科学的过程。"
    }
  ],
  "read_by_default": true,
  "sortnum": 2
}