{
  "__comment__": "This file was automatically created by mcresources",
  "name": "除草剂扩展",
  "category": "tfc_ie_addon:tfc_ie_changes",
  "icon": "immersiveengineering:herbicide_bucket",
  "pages": [
    {
      "type": "patchouli:text",
      "text": "$(thing)除草剂$()在群峦世界中也有效！当装填到$(thing)化学喷射器$()中时，它会像细雾一样散开，使接触到的任何植物枯萎并摧毁它们。这种液体会破坏花朵和农作物，并使泥土上的草脱落。它还会使农田脱水并毁坏农田。因此，它可以作为$(thing)腐烂堆肥$()的替代品。"
    },
    {
      "type": "patchouli:spotlight",
      "item": "immersiveengineering:herbicide_bucket",
      "link_recipes": false,
      "text": "要制作$(thing)除草剂$()，请将半桶$(thing)乙醇$()与$(thing)孔雀石粉$()、$(l:tfc_ie_addon:tfc_ie_changes/chemicals#sulfur)硫磺$()在$(thing)混合器$()中混合。"
    }
  ],
  "read_by_default": true,
  "sortnum": 10
}