{
  "name": "传送带升级",
  "icon": "industrialforegoing:conveyor_extraction_upgrade",
  "category": "industrialforegoing:transport",
  "sortnum": 1,
  "read_by_default": true,
  "pages": [
    {
      "type": "spotlight",
      "item": "industrialforegoing:conveyor_extraction_upgrade",
      "title": "提取升级",
      "text": "从容器中提取物品和流体。它也能从玩家物品栏中提取物品。$(br2)可以在 GUI 中标记需要被提取的物品和流体。"
    },
    {
      "type": "spotlight",
      "item": "industrialforegoing:conveyor_insertion_upgrade",
      "title": "输入升级",
      "text": "将物品和流体输出到容器中。它有两种模式，将所在传送带上的物品进行输出，或是将直接接触输入升级的物品进行输出。$(br2)可以在 GUI 中标记需要被提取的物品和流体。"
    },
    {
      "type": "spotlight",
      "item": "industrialforegoing:conveyor_detection_upgrade",
      "title": "检测升级",
      "text": "检测传送带上的物品或实体。$(br2)可以在 GUI 中标记需要被检测的物品和实体。实体可以使用装有对应实体的大师球进行标记。"
    },
    {
      "type": "spotlight",
      "item": "industrialforegoing:conveyor_bouncing_upgrade",
      "title": "弹射升级",
      "text": "将传送带上方的物品或实体发射出去。垂直和水平弹射强度可以在 GUI 中进行调节。$(br2)可以在 GUI 中标记需要被发射的物品和实体。实体可以使用装有对应实体的大师球进行标记。"
    },
    {
      "type": "spotlight",
      "item": "industrialforegoing:conveyor_dropping_upgrade",
      "title": "投下升级",
      "text": "将传送带上方的物品或实体直接投到下方。$(br2)可以在 GUI 中标记需要被投下的物品和实体。实体可以使用装有对应实体的大师球进行标记。"
    },
    {
      "type": "spotlight",
      "item": "industrialforegoing:conveyor_blinking_upgrade",
      "title": "闪烁升级",
      "text": "传送传送带上的物品或实体。垂直和水平传送强度可以在 GUI 中进行调节。$(br2)可以在 GUI 中标记需要被发射的物品和实体。实体可以使用装有对应实体的大师球进行标记。"
    },
    {
      "type": "spotlight",
      "item": "industrialforegoing:conveyor_splitting_upgrade",
      "title": "叉分升级",
      "text": "使用 GUI 中定义的比率拆分位于传送器上方的物品和实体。它需要在所有需要分配的面安装升级。"
    }
  ]
}