{
  "name": "传送带",
  "icon": "industrialforegoing:conveyor",
  "category": "industrialforegoing:transport",
  "sortnum": 0,
  "read_by_default": true,
  "pages": [
    {
      "type": "text",
      "text": "传送带可以用来传送物品，实体和流体。通过使用$(l:conveyor_upgrades)升级$()它们可以与世界进行交互。物品和实体可以随着传送带向上或向下运输，但是流体只能水平方向进行传输。$(br2)传送带可以使用染料右键进行染色。"
    },
    {
      "type": "crafting",
      "recipe": "industrialforegoing:conveyor"
    },
    {
      "type": "spotlight",
      "item": "minecraft:glowstone_dust",
      "text": "荧石能让传送带更快地传送物品和实体。"
    },
    {
      "type": "spotlight",
      "item": "industrialforegoing:plastic",
      "text": "塑料片能避免传送带上的物品被捡起。"
    }
  ]
}