{
  "name": "自动转辙铁轨",
  "icon": "littlelogistics:automatic_switch_rail",
  "category": "littlelogistics:blocks",
  "pages": [
    {
      "type": "patchouli:text",
      "text": "这类转辙铁轨会在列车靠近时自动改变转辙方向。转辙方向由在当前循环下，$(l:loco_route)列车路线配置器$()中离列车最近的节点位置决定。"
    },
    {
      "type": "patchouli:crafting",
      "title": "自动转辙铁轨",
      "recipe": "littlelogistics:automatic_switch_rail",
      "text": "在直行和左转/右转中自动切换。"
    },
    {
      "type": "patchouli:crafting",
      "title": "T形自动转辙铁轨",
      "recipe": "littlelogistics:automatic_tee_junction_rail",
      "text": "在左转和右转中自动切换。"
    }
  ]
}