{
  "name": "运输驳船",
  "icon": "littlelogistics:barge",
  "category": "littlelogistics:vessels",
  "pages": [
    {
      "type": "patchouli:entity",
      "entity": "littlelogistics:barge",
      "scale": 0.6,
      "offset": 0.5,
      "text": "一艘能装载物品的普通驳船，和运输矿车类似。"
    },
    {
      "type": "patchouli:crafting",
      "recipe": "littlelogistics:barge",
      "text": "该驳船需与拖船相连，并需在码头停泊以与漏斗交互。"
    }
  ]
}