{
  "name": "运输车厢",
  "icon": "littlelogistics:chest_car",
  "category": "littlelogistics:trains",
  "pages": [
    {
      "type": "patchouli:entity",
      "entity": "littlelogistics:chest_car",
      "scale": 0.6,
      "offset": 0.5,
      "text": "一节能装载物品的普通车厢，和运输矿车类似。"
    },
    {
      "type": "patchouli:crafting",
      "recipe": "littlelogistics:chest_car",
      "text": "该车厢需与机车相连，并需在装卸铁轨停车以与漏斗交互。"
    }
  ]
}