{
  "name": "电力拖船",
  "icon": "littlelogistics:energy_tug",
  "category": "littlelogistics:vessels",
  "pages": [
    {
      "type": "patchouli:entity",
      "entity": "littlelogistics:energy_tug",
      "scale": 0.4,
      "offset": 0.5,
      "text": "使用FE供能的拖船，可在码头停泊时用$(l:vessel_charger)载具充能器$()充能。"
    },
    {
      "type": "patchouli:crafting",
      "recipe": "littlelogistics:energy_tug",
      "text": "这类拖船有放置电容器的额外槽位，可有效防止航行中途能量不足的情况出现。"
    }
  ]
}