{
  "name": "转辙铁轨",
  "icon": "littlelogistics:switch_rail",
  "category": "littlelogistics:blocks",
  "pages": [
    {
      "type": "patchouli:text",
      "text": "这类转辙铁轨需要红石信号才会转辙。和探测铁轨相性极佳。"
    },
    {
      "type": "patchouli:crafting",
      "title": "转辙铁轨",
      "recipe": "littlelogistics:switch_rail",
      "text": "在直行和左转/右转中切换。"
    },
    {
      "type": "patchouli:crafting",
      "title": "T形转辙铁轨",
      "recipe": "littlelogistics:tee_junction_rail",
      "text": "在左转和右转中切换。"
    }
  ]
}