{
  "name": "载客车厢",
  "icon": "littlelogistics:seater_car",
  "category": "littlelogistics:trains",
  "pages": [
    {
      "type": "patchouli:entity",
      "entity": "littlelogistics:seater_car",
      "scale": 0.6,
      "offset": 0.5,
      "text": "可容纳一位玩家或一个生物的普通车厢。"
    },
    {
      "type": "patchouli:crafting",
      "recipe": "littlelogistics:seater_car",
      "text": "和原版矿车一样，这类车厢可用激活铁轨强制卸客。"
    }
  ]
}
