{
  "name": "遥控起爆器",
  "icon": "thermal:detonator",
  "read_by_default": true,
  "category": "thermal:explosives",
  "pages": [
    {
      "type": "text",
      "text": "遥控起爆器能操控并引爆至多 16 个易爆方块！首先，安置所有爆炸物，接着手持起爆器逐个右击它们来绑定。注意起爆器上的灯，呈黄色则表示当前为绑定模式且至少 1 个爆炸物已被该起爆器操控。起爆器模式可在“绑定”（黄灯）与“引爆”（绿灯）模式间切换。绿灯亮起时按下右键即可瞬时引爆所有绑定至此的爆炸物。"

    },
    {
      "type": "crafting",
      "recipe": "thermal:tools/detonator",
      "text": "点按 '$(k:cofh.mode_change_increment)' 键以切换模式。"

    }

  ]
}