{
  "name": "圣光辐照系列",
  "icon": "thermal:glowstone_tnt",
  "read_by_default": true,
  "flag": "mod:thermal_innovation",
  "category": "thermal:explosives",
  "pages": [
    {
      "type": "text",
      "text": "圣光辐照系列的爆炸物会在爆炸时使空气中弥散细小的荧石粒子，形成一片在 10 秒内持续照亮周围区域的云雾。爆炸将点燃所波及的亡灵生物并对其造成伤害。方块型的炸药与物品型的可投掷炸弹分别具有 9 格及 5 格的爆炸半径。$(br2)$(o)其实就是个亮片礼花。$()"
    },
    {
      "type": "crafting",
      "recipe": "thermal:glowstone_tnt",
      "recipe2": "thermal:glowstone_grenade_4"
    },
    {
      "flag": "&mod:thermal_innovation,mod:thermal_locomotion",
      "type": "crafting",
      "recipe": "thermal:glowstone_tnt_minecart",
      "title": "圣光辐照炸药矿车"
    }
  ]
}