{
  "name": "植育一号系列",
  "icon": "thermal:phyto_tnt",
  "read_by_default": true,
  "flag": "mod:thermal_cultivation",
  "category": "thermal:explosives",

  "pages": [
    {
      "type": "text",
      "text": "将植育一号的效能依靠爆炸物的威力大范围播撒。“爆炸”后，与骨粉相似的催化效果将在刹那之间泽及范围内的所有草方块与耕地。方块型的炸药与物品型的可投掷炸弹分别具有 9 格及 5 格的爆炸半径。"


    },
    {
      "type": "crafting",
      "recipe": "thermal:phyto_tnt",
      "recipe2": "thermal:phyto_grenade_4"


    },
    {
      "flag": "&mod:thermal_cultivation,mod:thermal_locomotion",
      "type": "crafting",
      "recipe": "thermal:phyto_tnt_minecart",
      "title": "PNT矿车"


    }
  ]

}