{
  "name": "水培床",
  "icon": "industrialforegoing:hydroponic_bed",
  "category": "industrialforegoing:agriculture_husbandry",
  "sortnum": 16,
  "read_by_default": true,
  "pages": [
    {
      "type": "text",
      "text": "这台机器在提供能量和$(6)水$()（对于下界作物来说是$(6)熔岩$()）时，可以略微提升作物的生长速度。$(br2)若提供微量的$(l:resource_production/ether_gas)以太气体$()，可使作物的生长速度大幅提升，且此时机器还会自动补种。"
    },
    {
      "type": "crafting",
      "recipe": "industrialforegoing:hydroponic_bed"
    }
  ]
}