{
    "title": "部件替换",
    "image": {
        "file": "tconstruct:book/images/part_swapping.png",
        "width": 136,
        "height": 72
    },
    "text": [{
        "text": "是否曾想挽回你所犯下的错误？值得庆幸的是，在制作工具这件事上是可以补救的。如果你想替换其中一个部件的材料，把工具和替换用的部件放在工匠站里即可。如果一个工具有多个同种部件，把替换用部件在几个槽位里都试试，就可以替换掉想要替换的部件。",
        "paragraph": false
    }]
}