{
	"name": "岩浆玻璃",
	"category": "crafting",
	"icon": "craftandhunt:blaze_glass",
	"pages": [
		{
			"type": "spotlight",
			"item": "craftandhunt:blaze_glass",
			"text": "一种独特的物质，似乎能够吸收热量，通过烧制岩浆膏制成。用这种材料制作的物品很多，而且看上去都是防火的。关于工具和盔甲，你应该参考这些章节以获得更具体的信息。"
		},
		{
			"type": "smelting",
			"recipe": "craftandhunt:magma_glass_from_furnace"
		},
		{
			"type": "crafting",
			"recipe": "craftandhunt:blaze_glass_to_blaze_glass_block",
			"text": "岩浆玻璃块由于其内部的微小结构，不像传统玻璃那样通透，但还是有一定透光性。。"
		},
		{
			"type": "crafting",
			"recipe": "craftandhunt:blaze_glass_block_panes_to_blaze_glass",
			"recipe2": "craftandhunt:blaze_glass_to_blaze_glass_panes"
		},
		{
			"type": "crafting",
			"recipe": "craftandhunt:blaze_glass_block_to_blaze_glass",
			"recipe2": "craftandhunt:blaze_glass_block_to_blaze_glass_panes"
		}
	]
}