{
	"name": "药水酿造",
	"category": "crafting",
	"icon": "minecraft:potion",
	"pages": [{
			"type": "spotlight",
			"item": "minecraft:potion",
			"text": "酿造药水可以获得许多新的效果。它们将被记录在以下页面中⋯⋯"
		},
		{
			"type": "spotlight",
			"item": "minecraft:charcoal",
			"text": "通过木炭酿造药水可以逆转它的效果，就像蜘蛛眼可以破坏药水效果那样。它并不适用于所有药水，但大多数都没问题。"
		},
		{
			"type": "spotlight",
			"item": "minecraft:rotten_flesh",
			"text": "使用腐肉可以制作出亡灵腐臭药水。这些药水可以让人在亡灵生物眼皮底下走来走去，前提是别去打扰他们。"
		},
		{
			"type": "spotlight",
			"item": "craftandhunt:bee_chitin",
			"text": "昆虫激素药水可以使人与节肢生物友好相处。蜜蜂甲壳质和各种类型的蜘蛛甲壳质都是酿造这种药水的绝佳材料。"
		},
		{
			"type": "spotlight",
			"item": "craftandhunt:stray_cloth",
			"text": "将流浪者的碎布酿入药水，可以使弹射物获得额外伤害。"
		},
		{
			"type": "spotlight",
			"item": "craftandhunt:goat_hide",
			"text": "山羊皮是一种很好的药材，使用它酿造的药水可以增加人的近战力量（虽然比普通力量药水差些）和击退力量。"
		},
		{
			"type": "spotlight",
			"item": "craftandhunt:witch_book",
			"text": "在酿造台上分解一本女巫之书中的魔法特性以制成魔法打击药水。"
		},
		{
			"type": "spotlight",
			"item": "craftandhunt:venom_sack",
			"text": "这个毒囊里的有毒物质可以蒸馏成药水。饮用后，攻击可使目标中毒。"
		},
		{
			"type": "spotlight",
			"item": "craftandhunt:wither_spine",
			"text": "操纵凋零的效果非常危险。使用凋灵骷髅的脊椎可以酿造一种药水，令使用者的攻击附加凋零。"
		},
		{
			"type": "spotlight",
			"item": "craftandhunt:fire_heart",
			"text": "将燃烧的恶魂之肺酿造成药水，可以令使用者的攻击点燃目标。"
		},
		{
			"type": "spotlight",
			"item": "craftandhunt:vampire_fang",
			"text": "吸血鬼的尖牙具有有趣的特性，能够吸收被杀死生物的生命力并治愈持有者。碾碎酿造台中的尖牙可以制作具有此属性的药水。"
		}
	]
}