{
    "name": "灵气秘宝",
    "icon": "naturesaura:aura_trove",
    "category": "items",
    "advancement": "naturesaura:sky_ingot",
    "pages": [
        {
            "type": "text",
            "text": "一旦$(#419600)灵气$()的需求量对于$(l:items/aura_cache)灵气缓存$()来说太多，使得使用时不得不过于频繁地重复填充缓存，人们就可以借助$(item)灵气秘宝$()⸺一种有三倍容量的升级版$(item)灵气缓存$()⸺的帮助。"
        },
        {
            "type": "crafting",
            "text": "制作$(item)灵气秘宝$()",
            "recipe": "naturesaura:aura_trove"
        }
    ]
}
