{
    "name": "无限色彩之桶",
    "icon": "naturesaura:color_changer",
    "category": "items",
    "advancement": "naturesaura:infused_materials",
    "pages": [
        {
            "type": "text",
            "text": "运用$(thing)颜色$()使建筑变得好看是一项在建造者间公认的技术。然而，有时找到一个人需要的所有颜色会很困难。$(item)无限色彩之桶$()，虽然仅使用了世界的三种主要色调，但能在接触时复制任何颜色，并将其转移到任何可染色方块上。"
        },
        {
            "type": "text",
            "text": "要使用这个桶装一种颜色，只需潜行与任何可染色方块互动。然后用装好颜色的桶与其他可染色方块互动，就能将颜色转移到它们之上。$(br)潜行与物品本身互动会使其切换为$(thing)填充模式$()，这意味着，在对方块染色时，所有周围有相同颜色的方块都会被染色。$(br)当然，这些功能都需要消耗一些$(thing)灵气$()，需要通过物品栏内的$(l:items/aura_cache)灵气缓存$()提供。"
        },
        {
            "type": "crafting",
            "text": "制作$(item)无限色彩之桶$()",
            "recipe": "naturesaura:color_changer"
        }
    ]
}
