{
    "name": "环境之眼",
    "icon": "naturesaura:eye",
    "category": "items",
    "advancement": "naturesaura:wood_stand",
    "turnin": "naturesaura:eye",
    "priority": true,
    "pages": [
        {
            "type": "text",
            "text": "在与$(#419600)灵气$()打交道时，自然情况下，很难把握指定区域或存储设备里有多少$(#419600)灵气$()。不过，$(item)环境之眼$()有向植物学家显示这一信息的力量：制作出来后，只需将其放在快捷栏的任何位置就能显示以下几种信息："
        },
        {
            "type": "text",
            "text": "一个显示条会显示$(#419600)灵气$()存储方块内存储的$(#419600)灵气$()数量，显示条全满的话意味着这个方块的$(#419600)灵气$()存储已经到达了上限。$(br)在个人的视野中，左上角会多出一个显示条来显示使用者所在区域附近$(#419600)灵气$()的饱和度。$(#419600)灵气$()处于自然的默认值时该显示条会充满一半。不过，$(item)环境之眼$()的力量有限，这意味着当$(#419600)灵气$()超过显示条的任何一端后，$(item)环境之眼$()无法告诉你具体水平。"
        },
        {
            "type": "naturesaura:tree_ritual",
            "text": "使用$(l:practices/tree_ritual)森林仪式$()制作$(item)环境之眼$()",
            "recipe": "naturesaura:eye"
        }
    ]
}
