{
    "name": "植物学家的盔甲",
    "icon": "naturesaura:infused_iron_chest",
    "category": "items",
    "advancement": "naturesaura:infused_materials",
    "pages": [
        {
            "type": "text",
            "text": "在他们的$(l:items/infused_iron_tools)工具$()之外，一个植物学家也能通过盔甲获得保护，特别是$(item)植物学家的盔甲$()。除了和铁盔甲差不多的保护性能外，它还能让自身损失的耐久恢复，只需要在拥有$(l:items/aura_cache)灵气缓存$()时潜行即可。这一点和同类工具类似。除此之外，盔甲还有在一次穿齐全套时生效的$(thing)套装加成$()。"
        },
        {
            "type": "text",
            "text": "穿戴者穿齐盔甲时如果被生物攻击，攻击者会被造成短暂的$(item)凋零$()效果，以类似荆棘附魔的方式造成伤害。$(br)此外，穿着全套盔甲时使用$(l:items/shockwave_creator)狂怒护身符$()也会对被护身符效果击中的任何生物造成短暂的凋零效果。"
        },
        {
            "type": "crafting",
            "recipe": "naturesaura:infused_helmet",
            "recipe2": "naturesaura:infused_chest"
        },
        {
            "type": "crafting",
            "recipe": "naturesaura:infused_pants",
            "recipe2": "naturesaura:infused_shoes"
        }
    ]
}
