{
    "name": "远古知识之杖",
    "icon": "naturesaura:netherite_finder",
    "category": "items",
    "advancement": "naturesaura:offering",
    "pages": [
        {
            "type": "text",
            "text": "最近的发现揭露了一种十分重要，掩埋于世界更黑暗部分的物质：$(thing)远古残骸$()。这种难以寻找的材料相当坚固，对于矿工及其有用，但它的稀缺性导致其难以获得。$(item)远古知识之杖$()以一种优雅的方式解决了这个问题。"
        },
        {
            "type": "text",
            "text": "使用$(item)远古知识之杖$()时，使用者附近的所有$(thing)远古残骸$()方块都会被高亮，使其甚至能被$(thing)穿过方块$()看见，持续时间约一分钟。在这段时间内，目标方块能被轻松地定位并挖掘。$(br)无需多言，这个操作需要$(l:items/aura_cache)灵气缓存$()或类似设备中的大量$(#419600)灵气$()。"
        },
        {
            "type": "crafting",
            "text": "制作$(item)远古知识之杖$()",
            "recipe": "naturesaura:netherite_finder"
        }
    ]
}
