{
  "components": [
    {
      "type": "header",
      "text": "#heading",
      "x": -1,
      "y": -1
    },
    {
      "type": "separator",
      "x": -1,
      "y": -1
    },
    {
      "type": "item",
      "item": "#input_item",
      "x": 20,
      "y": 20
    },
    {
      "type": "image",
      "image": "occultism:textures/gui/book/arrow.png",
      "x": 45,
      "y": 20,
      "width": 16,
      "height": 16,
      "texture_width": 16,
      "texture_height": 16
    },
    {
      "type": "item",
      "item": "#output_item",
      "x": 70,
      "y": 20
    },
    {
      "type": "text",
      "text": "#content",
      "y": 45
    }
  ]
}