{
  "tool": "tconstruct:scythe",
  "text": [
    {
      "text": "镰刀是探险家最好的朋友。喜欢迈入茂密的丛林，或是深入蜘蛛占据的洞窟吗？一柄镰刀可以劈植被，砍蛛丝，保你平安。"
    },
    {
      "text": "\n"
    },
    {
      "text": "它可用于收获作物，收割树叶、干草块、蜘蛛网和多种植被。"
    }
  ],
  "properties": [
    "高级收割工具",
    "3x3范围收割",
    "对所有植物有效",
    "范围攻击"
  ]
}
