{
	"name": "岩浆玻璃",
	"category": "armor",
	"icon": "craftandhunt:blaze_glass",
	"pages": [
		{
			"type": "spotlight",
			"item": "craftandhunt:blaze_glass",
			"text": "一种独特的物质，似乎能够吸收热量，通过烧制岩浆膏制成。当有人穿上由它制成的全套盔甲，他们将无惧烈焰。"
		},
		{
			"type": "smelting",
			"recipe": "craftandhunt:blaze_glass"
		},
		{
			"type": "crafting",
			"recipe": 	"craftandhunt:blaze_helmet",
			"recipe2": 	"craftandhunt:blaze_chestplate"
		},
		{
			"type": "crafting",
			"recipe": 	"craftandhunt:blaze_leggings",
			"recipe2": 	"craftandhunt:blaze_boots"
		}
	]
}