{
	"name": "狐皮",
	"category": "armor",
	"icon": "craftandhunt:fox_hide",
	"pages": [
		{
			"type": "spotlight",
			"item": "craftandhunt:fox_hide",
			"text": "从狡猾的狐狸那里收集的兽皮。穿戴者在战斗中可以使友方单位的能力获得增强。"
		},
		{
			"type": "crafting",
			"recipe": 	"craftandhunt:fox_helmet",
			"recipe2": 	"craftandhunt:fox_chestplate"
		},
		{
			"type": "crafting",
			"recipe": 	"craftandhunt:fox_leggings",
			"recipe2": 	"craftandhunt:fox_boots"
		}
	]
}