{
	"name": "染血林地碎木枝",
	"category": "armor",
	"icon": "craftandhunt:branch_splinter_bloody",
	"pages": [
		{
			"type": "spotlight",
			"item": "craftandhunt:branch_splinter_bloody",
			"text": "一片血迹斑斑的树枝碎片，这种木材由于过于珍贵而长期遭人破坏。人们可以通过找到一根林地碎木枝并献血来制作它。"
		},
		{
			"type": "crafting",
			"recipe": 	"craftandhunt:stalker_helmet",
			"recipe2": 	"craftandhunt:stalker_chestplate"
		},
		{
			"type": "crafting",
			"recipe": 	"craftandhunt:stalker_leggings",
			"recipe2": 	"craftandhunt:stalker_boots"
		}
	]
}