{
	"name": "蜜蜂甲壳质",
	"category": "armor",
	"icon": "craftandhunt:bee_chitin",
	"pages": [
		{
			"type": "spotlight",
			"item": "craftandhunt:bee_chitin",
			"text": "由蜜蜂甲壳质制成的盔甲。穿上之后可以获得防毒以及蜂之复仇。"
		},
		{
			"type": "crafting",
			"recipe": 	"craftandhunt:bee_helmet",
			"recipe2": 	"craftandhunt:bee_chestplate"
		},
		{
			"type": "crafting",
			"recipe": 	"craftandhunt:bee_leggings",
			"recipe2": 	"craftandhunt:bee_boots"
		}
	]
}