{
	"name": "潜影壳",
	"category": "armor",
	"icon": "minecraft:shulker_shell",
	"pages": [
		{
			"type": "spotlight",
			"item": "minecraft:shulker_shell",
			"text": "一种非常坚硬但很轻的物质，似乎能使接触它的东西漂浮起来。如果能穿戴一整套，便能够获得跳跃提升和缓降。"
		},
		{
			"type": "crafting",
			"recipe": 	"craftandhunt:shulker_helmet",
			"recipe2": 	"craftandhunt:shulker_chestplate"
		},
		{
			"type": "crafting",
			"recipe": 	"craftandhunt:shulker_leggings",
			"recipe2": 	"craftandhunt:shulker_boots"
		}
	]
}