{
	"name": "狼皮",
	"category": "armor",
	"icon": "craftandhunt:wolf_hide",
	"pages": [
		{
			"type": "spotlight",
			"item": "craftandhunt:wolf_hide",
			"text": "来自可怕的狼的皮。当被打造成装备并穿戴一整套后，穿戴者可以增加友方单位的伤害。"
		},
		{
			"type": "crafting",
			"recipe": 	"craftandhunt:wolf_helmet",
			"recipe2": 	"craftandhunt:wolf_chestplate"
		},
		{
			"type": "crafting",
			"recipe": 	"craftandhunt:wolf_leggings",
			"recipe2": 	"craftandhunt:wolf_boots"
		}
	]
}