{
  "name": "蝙蝠使魔",
  "icon": "occultism:textures/gui/book/bat_familiar.png",
  "category": "occultism:rituals/familiars",
  "sortnum": 40,
  "pages": [
    {
      "type": "entity",
      "entity": "occultism:bat_familiar",
      "scale": 0.5,
      "text": "$(bold)提供$()：$(thing)夜视$()"
    },
    {
      "type": "occultism:ritual",
      "recipe": "occultism:ritual/familiar_bat"
    },
    {
      "type": "text",
      "text": "被铁匠使魔升级后，蝙蝠使魔还会额外给予主人生命窃取状态。"
    }
  ]
}
