{
  "name": "鹦鹉使魔",
  "icon": "occultism:textures/gui/book/parrot.png",
  "category": "occultism:rituals/familiars",
  "sortnum": 20,
  "pages": [
    {
      "type": "entity",
      "entity": "minecraft:parrot",
      "text": "$(bold)提供$()：同伴"
    },
    {
      "type": "occultism:ritual",
      "recipe": "occultism:ritual/familiar_parrot"
    },
    {
      "type": "text",
      "text": "仪式中，一只$(thing)魔精$()会被$(bold)作为使魔$()召唤，而对$(thing)鸡$()的屠宰和供奉的染料能诱使魔精选用鹦鹉的形态。不过，由于$(thing)魔精$()并不属于最聪明的魔灵之列，它们有时会误解这一指示⋯⋯"}
  ]
}

