{
  "title": "Melvin的工匠装置宝典",
  "text": [
    {
      "text": "嘿，工匠以及准工匠们。我是Melvin。有一次我掉进了黏液池里，从那以后我就一直在尝试利用黏液制造一些奇特的小玩意。虽然我还并不是一个工匠大师，但我希望有一天因为我的一些发现能让我加入工匠大师的行列。"
    },
    {
      "text": "本书涵盖了我的发明、我对全新强化的探索，以及我发现各种黏液的旅程。希望本书能帮助你掌握工具制造和各种黏液的使用方法。",
      "paragraph": true
    }
  ]
}
