{
  "name": "通量电容",
  "icon": "thermal:flux_capacitor",
  "category": "thermal:tools",

  "read_by_default": true,
  "flag": "mod:thermal_innovation",
  "pages": [
    {
      "type": "text",
      "text": "存储 RF 能量并为玩家物品栏中的物品充能。通量电容共有 3 种控制充能目标的模式，可以选择单独为快捷栏与盔甲栏、单独为物品栏，以及为所有物品充能。持握并潜行右击可开关充能功能。同时，通量电容也能为机器供能。在工匠工作台中可对其进行充能与增强。"
    },
    {
      "type": "crafting",
      "recipe": "thermal:flux_capacitor",
      "title": "通量电容",
      "text": "点按 '$(k:cofh.mode_change_increment)' 键以轮换模式。$(l:thermal:world/holding)扩容$(/l)附魔可用以提升其能量存储上限。"
    },
    {
      "type": "text",
      "title": "兼容增强",
      "text": "$(li)$(l:thermal:technology/augments/integral_components)整合组件$(/l)$(li)$(l:thermal:technology/augments/rf_coil)扩展通量线圈$(/l)$(li)$(l:thermal:technology/augments/rf_coil_storage)稳态通量线圈$(/l)$(li)$(l:thermal:technology/augments/rf_coil_xfer)强导通量线圈$(/l)"
    }
  ]
}