{
  "name": "药水雾化器",
  "icon": "thermal:device_potion_diffuser",
  "category": "thermal:devices",
  "read_by_default": true,
  "flag": "mod:thermal_innovation",
  "pages": [
    {
      "type": "text",
      "text": "药水雾化器会周期性将内部存储的$(l:thermal:technology/potion_fluid)药水流体$(/l)发散至周围的生物，但被雾化发散的药水作用时长将缩减为原本属性的四分之一。药水雾化器的基础作用范围为以自身为中心的 9x9x9 空间，加装$(l:thermal:technology/augments/area_radius)径向范围拓展$(/l)增强后可扩大至 15x15x15。作用范围内无生物时，设备将自动暂停工作。"
    },
    {
      "type": "crafting",
      "recipe": "thermal:device_potion_diffuser",
      "title": "药水雾化器",
      "text": "药水雾化器界面内的物品槽位可放入红石粉来提升所发散药水的作用时长，或放入荧石粉牺牲时长来换取效果等级提升（最高到 IV）。每份红石粉及荧石粉均可在 16 次发散中起效。"
    },
    {
      "type": "text",
      "text": "在红石控制模式下，接收到脉冲信号的药水雾化器会立即地，没有延迟地进行一次药水发散，将对应效果施加至作用范围内的生物，十分可靠。"
    },
    {
      "type": "text",
      "title": "兼容增强",
      "text": "$(li)$(l:thermal:technology/augments/integral_components)整合组件$(/l)$(li)$(l:thermal:technology/augments/fluid_tank)液槽扩容升级$(/l)$(li)$(l:thermal:technology/augments/area_radius)径向范围拓展$(/l)$(li)$(l:thermal:technology/augments/potion_amplifier)强效炼药升级$(/l)$(li)$(l:thermal:technology/augments/potion_duration)长效炼药升级$(/l)"
    }
  ]
} 