{
  "title": "箭羽",
  "item": {
    "id": "tinkersarchery:arrow_fletching",
    "nbt": {
      "Material": "tinkersarchery:feather"
    }
  },
  "text": [
    {
      "text": "\n"
    },
    {
      "text": "这是箭羽。它对箭矢的数据没有影响。但它可以说是箭矢最重要的部分。"
    },
    {
      "text": "相反，箭羽会影响箭矢的轨迹。多亏了这个小家伙，你可以让箭矢正常下落、在空中旋转、或者先向上飞再向下飞。",
      "paragraph": true
    }
  ]
}
