{
  "name": "第三只眼",
  "icon": "occultism:textures/mob_effect/third_eye.png",
  "category": "occultism:getting_started",
  "sortnum": 0,
  "pages": [
    {
      "type": "text",
      "text": "看到超越物理世界的存在，这种能力被称为$(thing)第三只眼$()。人类并没有$(thing)看穿帷幕$()的能力，不过，在某些物质和装置的帮助下，知识渊博的魔法师可以绕过这个限制。"
    },
    {
      "type": "text",
      "text": "获得这一能力最舒服，也是最昂贵的方式是戴上灌注了魔灵的眼镜，其中的魔灵会把它们的视野$(o)借$()给穿戴者。另外一种稍微更恶心，但相当实惠的选项则是使用特定药草，特别是$(l:getting_started/datura)魔鬼之梦$(/l)。"},
    {
      "type": "text",
      "text": "$(l:rituals/crafting/craft_otherworld_goggles)异界眼镜$(/l)$()能让你看见更多隐藏的异界方块，但无法让你采集这些物质。低等级物质可以通过食用$(l:getting_started/datura)魔鬼之梦$(/l)收集，但更高级的物质需要特殊工具。"},
    {
      "type": "empty",
      "draw_filler": false
    }
  ]
}
