{
  "itemGroup.tools_complement": "工具补全",
  "item.tools_complement.bronze_axe": "青铜斧",
  "item.tools_complement.bronze_boots": "青铜靴子",
  "item.tools_complement.bronze_chestplate": "青铜胸甲",
  "item.tools_complement.bronze_excavator": "青铜开掘铲",
  "item.tools_complement.bronze_hammer": "青铜锤",
  "item.tools_complement.bronze_helmet": "青铜头盔",
  "item.tools_complement.bronze_hoe": "青铜锄",
  "item.tools_complement.bronze_knife": "青铜刀",
  "item.tools_complement.bronze_leggings": "青铜护腿",
  "item.tools_complement.bronze_pickaxe": "青铜镐",
  "item.tools_complement.bronze_shovel": "青铜锹",
  "item.tools_complement.bronze_sickle": "青铜镰刀",
  "item.tools_complement.bronze_sword": "青铜剑",
  "item.tools_complement.constantan_axe": "康铜斧",
  "item.tools_complement.constantan_boots": "康铜靴子",
  "item.tools_complement.constantan_chestplate": "康铜胸甲",
  "item.tools_complement.constantan_excavator": "康铜开掘铲",
  "item.tools_complement.constantan_hammer": "康铜锤",
  "item.tools_complement.constantan_helmet": "康铜头盔",
  "item.tools_complement.constantan_hoe": "康铜锄",
  "item.tools_complement.constantan_knife": "康铜刀",
  "item.tools_complement.constantan_leggings": "康铜护腿",
  "item.tools_complement.constantan_pickaxe": "康铜镐",
  "item.tools_complement.constantan_shovel": "康铜锹",
  "item.tools_complement.constantan_sickle": "康铜镰刀",
  "item.tools_complement.constantan_sword": "康铜剑",
  "item.tools_complement.copper_axe": "铜斧",
  "item.tools_complement.copper_boots": "铜靴子",
  "item.tools_complement.copper_chestplate": "铜胸甲",
  "item.tools_complement.copper_excavator": "铜开掘铲",
  "item.tools_complement.copper_hammer": "铜锤",
  "item.tools_complement.copper_helmet": "铜头盔",
  "item.tools_complement.copper_hoe": "铜锄",
  "item.tools_complement.copper_knife": "铜刀",
  "item.tools_complement.copper_leggings": "铜护腿",
  "item.tools_complement.copper_pickaxe": "铜镐",
  "item.tools_complement.copper_shovel": "铜锹",
  "item.tools_complement.copper_sickle": "铜镰刀",
  "item.tools_complement.copper_sword": "铜剑",
  "item.tools_complement.diamond_excavator": "钻石开掘铲",
  "item.tools_complement.diamond_hammer": "钻石锤",
  "item.tools_complement.diamond_knife": "钻石刀",
  "item.tools_complement.diamond_sickle": "钻石镰刀",
  "item.tools_complement.electrum_axe": "琥珀金斧",
  "item.tools_complement.electrum_boots": "琥珀金靴子",
  "item.tools_complement.electrum_chestplate": "琥珀金胸甲",
  "item.tools_complement.electrum_excavator": "琥珀金开掘铲",
  "item.tools_complement.electrum_hammer": "琥珀金锤",
  "item.tools_complement.electrum_helmet": "琥珀金头盔",
  "item.tools_complement.electrum_hoe": "琥珀金锄",
  "item.tools_complement.electrum_knife": "琥珀金刀",
  "item.tools_complement.electrum_leggings": "琥珀金护腿",
  "item.tools_complement.electrum_pickaxe": "琥珀金镐",
  "item.tools_complement.electrum_shovel": "琥珀金锹",
  "item.tools_complement.electrum_sickle": "琥珀金镰刀",
  "item.tools_complement.electrum_sword": "琥珀金剑",
  "item.tools_complement.gold_excavator": "金开掘铲",
  "item.tools_complement.gold_hammer": "金锤",
  "item.tools_complement.gold_knife": "金刀",
  "item.tools_complement.gold_sickle": "金镰刀",
  "item.tools_complement.invar_axe": "殷钢斧",
  "item.tools_complement.invar_boots": "殷钢靴子",
  "item.tools_complement.invar_chestplate": "殷钢胸甲",
  "item.tools_complement.invar_excavator": "殷钢开掘铲",
  "item.tools_complement.invar_hammer": "殷钢锤",
  "item.tools_complement.invar_helmet": "殷钢头盔",
  "item.tools_complement.invar_hoe": "殷钢锄",
  "item.tools_complement.invar_knife": "殷钢刀",
  "item.tools_complement.invar_leggings": "殷钢护腿",
  "item.tools_complement.invar_pickaxe": "殷钢镐",
  "item.tools_complement.invar_shovel": "殷钢锹",
  "item.tools_complement.invar_sickle": "殷钢镰刀",
  "item.tools_complement.invar_sword": "殷钢剑",
  "item.tools_complement.iron_excavator": "铁开掘铲",
  "item.tools_complement.iron_hammer": "铁锤",
  "item.tools_complement.iron_knife": "铁刀",
  "item.tools_complement.iron_sickle": "铁镰刀",
  "item.tools_complement.lead_axe": "铅斧",
  "item.tools_complement.lead_boots": "铅靴子",
  "item.tools_complement.lead_chestplate": "铅胸甲",
  "item.tools_complement.lead_excavator": "铅开掘铲",
  "item.tools_complement.lead_hammer": "铅锤",
  "item.tools_complement.lead_helmet": "铅头盔",
  "item.tools_complement.lead_hoe": "铅锄",
  "item.tools_complement.lead_knife": "铅刀",
  "item.tools_complement.lead_leggings": "铅护腿",
  "item.tools_complement.lead_pickaxe": "铅镐",
  "item.tools_complement.lead_shovel": "铅锹",
  "item.tools_complement.lead_sickle": "铅镰刀",
  "item.tools_complement.lead_sword": "铅剑",
  "item.tools_complement.netherite_excavator": "下界合金开掘铲",
  "item.tools_complement.netherite_hammer": "下界合金锤",
  "item.tools_complement.netherite_knife": "下界合金刀",
  "item.tools_complement.netherite_sickle": "下界合金镰刀",
  "item.tools_complement.nickel_axe": "镍斧",
  "item.tools_complement.nickel_boots": "镍靴子",
  "item.tools_complement.nickel_chestplate": "镍胸甲",
  "item.tools_complement.nickel_excavator": "镍开掘铲",
  "item.tools_complement.nickel_hammer": "镍锤",
  "item.tools_complement.nickel_helmet": "镍头盔",
  "item.tools_complement.nickel_hoe": "镍锄",
  "item.tools_complement.nickel_knife": "镍刀",
  "item.tools_complement.nickel_leggings": "镍护腿",
  "item.tools_complement.nickel_pickaxe": "镍镐",
  "item.tools_complement.nickel_shovel": "镍锹",
  "item.tools_complement.nickel_sickle": "镍镰刀",
  "item.tools_complement.nickel_sword": "镍剑",
  "item.tools_complement.silver_axe": "银斧",
  "item.tools_complement.silver_boots": "银靴子",
  "item.tools_complement.silver_chestplate": "银胸甲",
  "item.tools_complement.silver_excavator": "银开掘铲",
  "item.tools_complement.silver_hammer": "银锤",
  "item.tools_complement.silver_helmet": "银头盔",
  "item.tools_complement.silver_hoe": "银锄",
  "item.tools_complement.silver_knife": "银刀",
  "item.tools_complement.silver_leggings": "银护腿",
  "item.tools_complement.silver_pickaxe": "银镐",
  "item.tools_complement.silver_shovel": "银锹",
  "item.tools_complement.silver_sickle": "银镰刀",
  "item.tools_complement.silver_sword": "银剑",
  "item.tools_complement.tin_axe": "锡斧",
  "item.tools_complement.tin_boots": "锡靴子",
  "item.tools_complement.tin_chestplate": "锡胸甲",
  "item.tools_complement.tin_excavator": "锡开掘铲",
  "item.tools_complement.tin_hammer": "锡锤",
  "item.tools_complement.tin_helmet": "锡头盔",
  "item.tools_complement.tin_hoe": "锡锄",
  "item.tools_complement.tin_knife": "锡刀",
  "item.tools_complement.tin_leggings": "锡护腿",
  "item.tools_complement.tin_pickaxe": "锡镐",
  "item.tools_complement.tin_shovel": "锡锹",
  "item.tools_complement.tin_sickle": "锡镰刀",
  "item.tools_complement.tin_sword": "锡剑"
}