{
  "name": "食物",
  "icon": "thermal:chocolate_cake",
  "read_by_default": true,
  "flag": "mod:thermal_cultivation",
  "category": "thermal:plants",
  "pages": [
    {
      "type": "crafting",
      "recipe": "thermal:chocolate_cake",
      "text": "细致入微的点缀，才配得上沁人心脾的美味。拥有与普通蛋糕相当的饥饿值恢复能力。"
    },
    {
      "type": "crafting",
      "recipe": "thermal:spice_cake",
      "text": "萨蒂根茎做香料，口感甜蜜又芳妙；负面效果全挡掉，人称充饥小钢炮⸺食用可消除所有负面效果。"
    },
    {
      "type": "crafting",
      "recipe": "thermal:xp_stew",
      "text": "喝了茄子圣水，精神顿时增倍，睁睁眼瞪蹬腿，步入升级正轨⸺摄入后提升经验获取量。"
    }
  ]
}