{
  "name": "导言 - 增强",
  "icon": "thermal:iron_gear",
  "category": "thermal:augments",
  "sortnum": -2,
  "read_by_default": true,
  "pages": [
    {
      "type": "text",
      "text": "所有的机器、设备、能源炉和工具均能通过加装$(l)增强得以进一步升级$()。每种增强都可提供从存储容量提升到自动化性能升级的多种增益。对于没有界面或界面中没有增强插槽的工具等，则需借助工匠工作台来加装增强。"
    },
    {
      "type": "text",
      "text": "鼠标悬停在增强物上时可通过工具提示（tooltip）来查看其对应的增强属性和数值。数值无$(n)下划线$()标示的增强属性均可累加，而带有下划线的属性则会在共存时取最优者生效，其余不生效。"
    },
    {
      "type": "text",
      "text": "大部分增强均在工具提示中标注了增强目标（类型）。增强目标限制了增强的作用环境，部分情况下更额外限制了最大允许数量，譬如类型为“机器”的增强无法装入能源炉。许多增强，特别是银色背景的增强，不可累加使用。"
    }

  ]
}