{
  "name": "长效炼药升级",
  "icon": "thermal:potion_duration_augment",
  "category": "thermal:augments",

  "read_by_default": true,
  "flag": "mod:thermal_innovation",
  "pages": [
    {
      "type": "crafting",
      "recipe": "thermal:augments/potion_duration_augment",
      "title": "长效炼药升级",
      "text": "“长效炼药升级”增强将使目标所存储的药水作用时长提升 100%。对瞬时作用的药水（瞬间伤害等）无效。"
    }
  ]
}
