{
	"name": "数字信号",
	"icon": "rs_ctr2:not_gate",
	"category": "rs_ctr2:basics",
	"pages": [
		{
			"type": "patchouli:text",
			"text": "逻辑门这样的小方块元件有着自己的一套信号系统，需要通过$(l:io)转换器$(/l)来连接到常规原版红石。这个系统和红石的主要不同是：\\n\\+输入和输出间只可能有$(l:connecting#cable)单向1对1连接$(/l)。\\+信号传输无损且没有距离限制。"
		}, {
			"type": "patchouli:text",
			"text": "\\+信号值的范围是-2147483648到+2147483647（而不是0到15），而且这个值是通过一条线缆内32个独立的二元逻辑信道以二进制表示的。\\+断开的输入是浮置的，它们\\*不会重置到0\\.，而是维持在最后一次接受到的数据。\\p最后两点与电路行为特别相关。"
		}, {
			"type": "patchouli:text",
			"title": "按位操作",
			"text": "一些信号操作元件（包括所有逻辑门）是按位进行的，它们的逻辑操作会在所有32位信道上同时进行：\\n输出的第一位是所有输入第一位的运算结果，输出的第二位是所有输入第二位的运算结果，等等。\\p\\i位乱序选择门\\d可以用于单独设置、翻转和重排信号的每一位。"
		}, {
			"type": "patchouli:text",
			"text": "一些情况下，比如信号作为比较器的结果时，信号应该被表示为纯布尔状态（非真即假）。纯布尔信号要么所有位都为1（真），要么所有位都为0（假）。\\n这种表示在进行按位逻辑操作时很方便，因为纯布尔信号的运算结果也是纯布尔信号。\\p\\i或缓存门\\d能对一个信号所有信道上的位进行或操作，将一般数据信号转换为纯布尔信号。"
		}, {
			"type": "patchouli:text",
			"anchor": "clock",
			"title": "时钟信号",
			"text": "很多设备使用时钟信号来触发操作。本模组里相关要求的通常形式为：输入信号的任一位从0变成1，则视为一次触发；每tick里哪怕有多个位发生变化，最多也只能有一次触发。\\p使用纯布尔时钟信号最为简单，但因为全部位变成1需要时间再变回0，它们最多只能每两tick触发一次。"
		}, {
			"type": "patchouli:text",
			"title": "浮置输入",
			"text": "断开的输入端口还会维持其最后的状态，这意味着你在用常量元件设定输入后就可以将其移除，从而节省空间和元件。如果在使用有3个输入的逻辑门时只需要其中两个，你可以不管第三个输入，因为它们的输入值是不影响逻辑操作的初始值。\\p小心不要失手连上了要保留的浮置输入，否则就会变成新值！"
		}
	]
}
