{
 "name": "时序",
 "icon": "rs_ctr2:delay",
 "category": "rs_ctr2:basics",
 "pages": [
  {
   "type": "patchouli:text",
   "text": "就像红石火把和中继器的传播延迟一样，大多数元件也有一tick的信号延迟（只有普通红石延迟的一半）。这意味着当前tick的输出值取决于上一tick的输入值。\\p在物品的提示文本中，输出会标记上[t+1]，输入会标为[t-1]。"
  }, {
   "type": "patchouli:text",
   "text": "少数元件的提示里你可能还会遇到[t+1/2]，这代表着在两个电路tick间发生的事件。常规的世界事件，例如方块和实体更新，通通都发生在t和t+1/2之间。\\p也有一些只有一个输入的操作延迟为零tick，它们的输出会根据输入即时改变。这些操作也会计入\\c$(t:参见分离器的工作数据提示文本)分离器链路限制$(/t)\\d，所以你需要在使用这些操作时插入\\i延迟线\\d或者其他有延迟的元件来重置链路深度计数。"
  }, {
   "type": "patchouli:text",
   "text": "\\i延迟线\\d对于其他特定情景也很重要，比如改变不同信号的相对时间来使其同时到达某设备，或者让设备以特定顺序执行动作。"
  }, {
   "type": "patchouli:text",
   "text": "在建造复杂电路时，你会发现信号传播延迟是电路运行速度的主要瓶颈。在某些地方超频，使其运作频率超过电路支持的上限会产生错误的控制信号，而这可能造成大麻烦。所以如果电路开始出错，有可能是运转得太快了。\\p优化电路，使其支持更高时钟频率，这是高级玩家的挑战，也是他们的奖励。"
  }
 ]
}
