{
  "name": "齿轮、钱币、粉及更多",
  "icon": "thermal:enderium_coin",
  "read_by_default": true,
  "category": "thermal:materials",
  "pages": [
    {
      "type": "5_item_page",
      "title": "齿轮、钱币、粉及更多",
      "item1": "thermal:copper_gear,thermal:tin_gear,thermal:lead_gear,thermal:silver_gear,thermal:nickel_gear,thermal:bronze_gear,thermal:invar_gear,thermal:electrum_gear,thermal:constantan_gear,thermal:signalum_gear,thermal:lumium_gear,thermal:enderium_gear,thermal:iron_gear,thermal:gold_gear,thermal:lapis_gear,thermal:diamond_gear,thermal:emerald_gear",
      "item2": "thermal:copper_plate,thermal:tin_plate,thermal:lead_plate,thermal:silver_plate,thermal:nickel_plate,thermal:bronze_plate,thermal:invar_plate,thermal:electrum_plate,thermal:constantan_plate,thermal:signalum_plate,thermal:lumium_plate,thermal:enderium_plate,thermal:iron_plate,thermal:gold_plate",
      "item3": "thermal:copper_coin,thermal:tin_coin,thermal:lead_coin,thermal:silver_coin,thermal:nickel_coin,thermal:bronze_coin,thermal:invar_coin,thermal:electrum_coin,thermal:constantan_coin,thermal:signalum_coin,thermal:lumium_coin,thermal:enderium_coin,thermal:iron_coin,thermal:gold_coin",
      "item4": "thermal:copper_dust,thermal:tin_dust,thermal:lead_dust,thermal:silver_dust,thermal:nickel_dust,thermal:bronze_dust,thermal:invar_dust,thermal:electrum_dust,thermal:constantan_dust,thermal:signalum_dust,thermal:lumium_dust,thermal:enderium_dust,thermal:iron_dust,thermal:gold_dust,thermal:lapis_dust,thermal:diamond_dust,thermal:emerald_dust",
      "item5": "thermal:copper_nugget,thermal:tin_nugget,thermal:lead_nugget,thermal:silver_nugget,thermal:nickel_nugget,thermal:bronze_nugget,thermal:invar_nugget,thermal:electrum_nugget,thermal:constantan_nugget,thermal:signalum_nugget,thermal:lumium_nugget,thermal:enderium_nugget",
      "text": "热力系列为金属与宝石添加了一系列可参与多种配方的材料形式，其中最基础的是粒形式，与原版的金粒与铁粒作用相仿。"
    },
    {
      "flag": "!mod:thermal_expansion",
      "type": "text",
      "text": "将锭与$(l:thermal:equipment/charges/earth_charge)裂岩弹$(/l)在合成栏中合成即可得到对应的粉。粉多用于合金粉制作等配方中，金属材料的粉形式亦可被熔炼还原为锭。齿轮在合成栏中的制作配方通常为中央一个铁粒，特定材料的锭或宝石形式则位于上下左右四个槽位。"
    },
    {
      "flag": "mod:thermal_expansion",
      "type": "text",
      "text": "粉通常由$(l:thermal:technology/machines/pulverizer)磨粉机$(/l)产出，多用于合金粉制作等配方中，亦可被熔炼还原为锭形式。板和钱币仅可使用$(l:thermal:technology/machines/press)多驱冲压机$(/l)制作，是多个配方的合成材料。齿轮在合成栏中的制作配方通常为中央一个铁粒，特定材料的锭或宝石形式则位于上下左右四个槽位。使用多驱冲压机制作金属齿轮需要四块锭。"
    }
  ]
}