{
  "name": "炉渣和石棉",
  "icon": "thermal:slag",
  "read_by_default": true,
  "category": "thermal:materials",
  "flag": "mod:thermal_expansion",
  "pages": [
    {
      "type": "2_item_page",
      "title": "炉渣和石棉",
      "item1": "thermal:slag",
      "item2": "tag:thermal:rockwool",
      "text": "将沙砾放入$(l:thermal:technology/machines/smelter)感应炉$(/l)中熔炼即可制得富含矿物质的炉渣，再使用熔炉处理炉渣便能获取一种纤维状的阻燃材料——石棉。同羊毛一样，石棉可被染成多种颜色，但其爆炸抗性比羊毛略胜一筹。"
    }
  ]
}