{
  "name": "Discord",
  "icon": "thermal:signalum_gear",
  "category": "thermal:links",
  "read_by_default": true,
  "pages": [
    {
      "type": "link",
      "url": "https://discord.com/invite/uRKrnbH",
      "link_text": "Discord",
      "text": "技术疑难、问题咨询、意见建议、友好交流、更新资讯，尽聚于此 :D"


    },
    {
      "type": "spotlight",
      "item": "thermal:signalum_ingot",
      "text": "你知道吗：“信素”得名于其传输红石信号的能力！"
    }
  ]

}