{
  "name": "钓鱼机",
  "icon": "industrialforegoing:marine_fisher",
  "category": "industrialforegoing:resource_production",
  "sortnum": 3,
  "read_by_default": true,
  "pages": [
    {
      "type": "text",
      "text": "猫咪最好的朋友 <3$(br2)当放置在至少$(6)3x3$()大小$(6)1$()格深的$(6)水池$()上方，它就会开始$(6)钓鱼$()并将鱼（或是别的？）放入内部存储中，每次操作需要消耗$(6)5000$()RF能量。"
    },
    {
      "type": "crafting",
      "recipe": "industrialforegoing:marine_fisher"
    }
  ]
}