{
  "name": "整合组件",
  "icon": "thermal:upgrade_augment_3",
  "category": "thermal:augments",
  "sortnum": -1,
  "read_by_default": true,
  "pages": [
    {
      "type": "text",
      "text": "整合组件是一种全局升级增强，可全面提升机器、设备、能源炉及工具的整体性能数值，例如提升基础 RF 存储量和消耗/产能/传输功率，以及流体吞吐能力等。全局升级的数值提升可与其它任何增强共同作用，不论有无下划线标示。然而，全局升级之间和其余的增强之间仍秉承下划线数值择优生效的原则，也就是说，全局升级最优者与其余增强的最优者累加即为最终增强效果。"
    },
    {
      "type": "text",
      "text": "示例：一台同时装有硬化整合组件、谐振整合组件与$(l:thermal:technology/augments/rf_coil_storage)稳态通量线圈$(/l)的$(l:thermal:technology/machines/furnace)通量熔炼炉$(/l)将拥有 24x 的 RF 容量、8x 的 RF 传输和 4x 的基础能耗。$(br2)硬化、强化与谐振整合组件分别具有2x、3x 及 4x 的增强比例系数。"
    },
    {
      "type": "crafting",
      "recipe": "thermal:augments/upgrade_augment_1",
      "recipe2": "thermal:augments/upgrade_augment_2"
    },
    {
      "type": "crafting",
      "recipe": "thermal:augments/upgrade_augment_3"
    }

  ]
}
