{
    "name": "工业吹风机纱网",
    "icon": "compressedcreativity:mesh_splashing",
    "category": "pneumaticcraft:compressed_creativity",
    "advancement": "pneumaticcraft:pressure_tube",
    "pages": [
      {
        "type": "text",
        "text": "安装不同种类的$(item)纱网$()，就能相应改变工业吹风机的功用。"
      },
      {
        "type": "crafting",
        "title": "纱网框架",
        "recipe": "compressedcreativity:crafting/mesh_empty",
        "text": "$(item)纱网框架$()是其他纱网的基底。"
      },
      {
        "type": "crafting",
        "title": "致密纱网",
        "recipe": "compressedcreativity:crafting/mesh_dense",
        "text": "$(item)致密纱网$()能增加热交换。因此，热量耗散速度上升，但熔炼所需的温度也会降低（100℃）。"
      },
      {
        "type": "crafting",
        "title": "缠魂纱网",
        "recipe": "compressedcreativity:crafting/mesh_haunted",
        "text": "当热空气穿过$(item)缠魂纱网$()后，其就可用于缠魂。"
      },
      {
        "type": "crafting",
        "title": "编织纱网",
        "recipe": "compressedcreativity:crafting/mesh_woven",
        "text": "$(item)编织纱网$()自身没有功用，但在将其浸水后，它就会变成……"
      },
      {
        "type": "spotlight",
        "title": "浸水纱网",
        "item": "compressedcreativity:mesh_splashing",
        "text": "$(item)浸水纱网$()可使气流用于洗涤！但一定要注意控制温度……"
      }
    ],
    "extra_recipe_mappings": {
      "compressedcreativity:mesh_splashing": 5
    }
  }