{
  "name": "气动机械",
  "icon": "create:cogwheel",
  "category": "pneumaticcraft:compressed_creativity",
  "advancement": "create:andesite_alloy",
  "priority": "true",
  "pages": [
    {
      "type": "text",
      "text": "你可曾想过：$(o)“气动机器真是酷，但总该能把它们变得酷上加酷。”$()不必担心，现在你就能体验气动工艺和机械动力联动的内容了！"
    },
    {
      "type": "spotlight",
      "item": "compressedcreativity:rotational_compressor",
      "text": "$(l:pneumaticcraft:rotational_compressor)旋转压缩机$()是一种使用机械动力的旋转力产生压力的压缩机。"
    },
    {
      "type": "spotlight",
      "item": "create:copper_backtank",
      "text": "$(l:pneumaticcraft:copper_backtank)铜背罐$()有了全新功能：在物品状态和方块状态下都有了气动功用。"
    },
    {
      "type": "spotlight",
      "item": "pneumaticcraft:charging_upgrade",
      "text": "$(l:base_concepts/upgrades#charging)充气升级$()有了全新功能：$(item)伸缩机械手$()和$(item)土豆加农炮$()之类的机械动力工具也能以此充入空气。"
    },
    {
      "type": "spotlight",
      "item": "compressedcreativity:air_blower",
      "text": "$(l:pneumaticcraft:air_blower)吹风机$()是使用压缩空气制造气流的机器，与$(item)鼓风机$()类似。"
    },
    {
      "type": "spotlight",
      "item": "compressedcreativity:industrial_air_blower",
      "text": "$(l:pneumaticcraft:industrial_air_blower)工业吹风机$()是具有额外功能的$(item)吹风机$()，如更高的加工速度，和通过$(l:pneumaticcraft:industrial_air_blower_meshes)纱网$()更改加工方式的能力。"
    },
    {
      "type": "spotlight",
      "title": "Meshes",
      "item": "compressedcreativity:mesh_splashing",
      "text": "$(l:pneumaticcraft:industrial_air_blower_meshes)纱网$()能为工业吹风机提供额外的加工能力。"
    },
    {
      "type": "spotlight",
      "item": "compressedcreativity:compressed_air_engine",
      "text": "$(l:pneumaticcraft:compressed_air_engine)压缩空气引擎$()是使用压缩空气的动力引擎。就算不处于工作状态，它仍会消耗空气，所以请务必保证其有足够的压力！"
    },
    {
      "type": "spotlight",
      "item": "compressedcreativity:mechanical_visor_upgrade",
      "text": "安装入$(l:armor/pneumatic_helmet)气动头盔$()时，$(l:pneumaticcraft:mechanical_visor_upgrade)机械护面升级$()将会提供与工程师护目镜一致的功能。"
    },
    {
      "type": "spotlight",
      "title": "塑料支架",
      "item": "compressedcreativity:orange_plastic_bracket",
      "text": "$(l:pneumaticcraft:brackets)塑料支架$()是一种五颜六色的全新支架，能支撑传动杆、管道、齿轮以及压力管道！"
    }
  ]
}
