{
  "title": "卓越箭艺",
  "text": [
    {
      "text": "给我一点时间。咳咳"
    },
    {
      "text": "SSSEEEEEEELLLEEEEEEEENNNAAAAAAAAAAAAAAAAAAAAAAAAAAAAAAAA!",
      "paragraph": true
    },
    {
      "text": "你好，我是Tony！我是团队中被遗忘的一员，仅仅因为Selena总是忘记将我的书放在《材料与你》的广告部分。不管怎样，简单介绍一下我吧：我默默无闻，经常忘记做很久以后的事情，而且我很了解弓箭。",
      "paragraph": true
    }
  ]
}
