{
  "name": "养蜂简介",
  "icon": "growthcraft_apiary:bee",
  "category": "apiary",
  "sortnum": 0,
  "pages": [
    {
      "type": "text",
      "text": "生长工艺·养蜂扩大了蜜蜂在世界范围内的使用。你可以在蜂箱中养殖蜜蜂，生产出蜂巢，然后收获蜂巢，制成蜂蜜酒，或者将蜂巢转化成蜂蜡，制成蜡烛。当你的蜜蜂在生产蜂巢时，它们有可能为周围的花朵授粉。"
    },
    {
      "type": "text",
      "text": "一旦打破蜂窝，蜜蜂就会掉落在地上。在它逃跑之前迅速捡起它。把蜜蜂放入蜂箱中将开始工作。"
    },
    {
      "type": "crafting",
      "recipe": "growthcraft_apiary:bee_box_oak",
      "text": "一旦你有了蜜蜂，你需要给它们一个蜂箱来生产蜂巢。只要附近有一朵花，它们就会开始生产空的蜂巢并繁殖。蜜蜂会给附近的花授粉，生长出更多的花。"
    }
  ]
}