{
  "name": "蜂蜡指南",
  "icon": "growthcraft_apiary:bees_wax_red",
  "category": "apiary",
  "sortnum": 1,
  "pages": [
    {
      "type": "text",
      "text": "所以，你想学习如何成为一名杂货商（chandler）吗？你需要有足够的蜡烛（candles）才能成功。$(br2)开始之前，你需要给一些蜂蜡染色，然后在糖化锅中融化。一旦你的糖化锅中的蜡有些融化了，就可以加一些线来制成你的蜡烛。"
    },
    {
      "type": "crafting",
      "recipe": "growthcraft_apiary:bees_wax_brown",
      "text": "你可以通过在普通蜂蜡中加入任意颜色的染料来制作染色蜡。"
    },
    {
      "type": "text",
      "text": "将染色的蜡放入加热中的糖化锅中，一旦加热它将熔化成有色的熔融蜡，并有可能留下蜡副产物。$(br2)取出熔融的蜡，并用线放入未加热的糖化锅中。冷却后你就可以获得彩色的蜡烛。"
    },
    {
      "type": "image",
      "images": [
        "growthcraft_apiary:textures/patchouli/screenshots/recipe_candle.png"
      ]
    }
  ]
}