{
  "name": "离心分离机",
  "icon": "thermal:machine_centrifuge",
  "category": "thermal:machines",
  "read_by_default": true,
  "flag": "mod:thermal_expansion",
  "pages": [
    {
      "type": "text",
      "text": "离心分离机是一台可将混合金属粉等材料分离为其基础组分的机器。同时亦可作为从花卉中提取染料的有效途径。"
    },
    {
      "type": "crafting",
      "recipe": "thermal:machine_centrifuge",
      "title": "离心分离机"
    },
    {
      "type": "text",
      "title": "兼容增强",
      "text": "$(li)$(l:thermal:technology/augments/integral_components)整合组件$(/l)$(li)$(l:thermal:technology/augments/item_filter)物品过滤规制$(/l)$(li)$(l:thermal:technology/augments/xp_storage)知识浓缩存储$(/l)$(li)$(l:thermal:technology/augments/rf_coil)扩展通量线圈$(/l)$(li)$(l:thermal:technology/augments/rf_coil_storage)稳态通量线圈$(/l)$(li)$(l:thermal:technology/augments/rf_coil_xfer)强导通量线圈$(/l)$(li)$(l:thermal:technology/augments/fluid_tank)液槽扩容升级$(/l)$(li)$(l:thermal:technology/augments/machine_speed)通量链接升级$(/l)$(li)$(l:thermal:technology/augments/machine_efficiency)通量效率升级$(/l)"
    }
  ]
}