{
  "name": "急速冷冻机",
  "icon": "thermal:machine_chiller",
  "category": "thermal:machines",
  "read_by_default": true,
  "flag": "mod:thermal_expansion",
  "pages": [
    {
      "type": "text",
      "text": "急速冷冻机能使流体迅速冷却并结晶为对应的固体物品形式，例如水成冰，熔岩成黑曜石等等。可搭配多种铸模使用来改变产物的形状。"
    },
    {
      "type": "crafting",
      "recipe": "thermal:machine_chiller",
      "recipe2": "thermal:chiller_ball_cast"
    },
    {
      "type": "crafting",
      "recipe": "thermal:chiller_ingot_cast",
      "recipe2": "thermal:chiller_rod_cast"
    },
    {
      "type": "text",
      "title": "兼容增强",
      "text": "$(li)$(l:thermal:technology/augments/integral_components)整合组件$(/l)$(li)$(l:thermal:technology/augments/item_filter)物品过滤规制$(/l)$(li)$(l:thermal:technology/augments/xp_storage)知识浓缩存储$(/l)$(li)$(l:thermal:technology/augments/rf_coil)扩展通量线圈$(/l)$(li)$(l:thermal:technology/augments/rf_coil_storage)稳态通量线圈$(/l)$(li)$(l:thermal:technology/augments/rf_coil_xfer)强导通量线圈$(/l)$(li)$(l:thermal:technology/augments/fluid_tank)液槽扩容升级$(/l)$(li)$(l:thermal:technology/augments/machine_speed)通量链接升级$(/l)$(li)$(l:thermal:technology/augments/machine_efficiency)通量效率升级$(/l)"
    }
  ]
}