{
  "name": "导言 - 机器",
  "icon": "thermal:iron_gear",
  "category": "thermal:machines",
  "sortnum": -2,
  "read_by_default": true,
  "flag": "mod:thermal_expansion",
  "pages": [
    {
      "type": "text",
      "text": "机器能在红石通量（Redstone Flux, RF）的驱动下产出物品和/或流体。本章节的其它页面将详细地叙述每台机器的具体功能。与此同时，你也可以通过点击机器界面左侧的“信息”选项卡来打开一个包含简短叙述性文字的折叠式面板。未加装任何升级的机器耗能功率最大为 20 RF/t。"
    },
    {
      "type": "text",
      "text": "在“增强”面板中可为机器装载$(l:thermal:technology/augments/introduction)增强$(/l)，以期提升或修饰不同层面的作用效力。点击“红石控制”和“配置”选项卡则可分别打开用以调整机器红石控制模式及侧面传输模式的面板。在默认情况下，机器的运作状态将无视红石信号且侧面配置均为空白，表示任何侧面均不接受物品或流体。"
    },
    {
      "type": "text",
      "text": "在“配置”面板中，机器的每个侧面均以正方形图案表示，点击这些图案即可将对应侧面按以下规则循环切换：蓝色为输入面，橙色为输出面、蓝橙双色为兼出入面、黑色为被动（不自动传输）面、空白为禁止传输面。面板左侧的蓝色及橙色箭头分别用以开关机器的自动输入/输出功能。机器被采掘掉落时将保留侧面配置。"
    },
    {
      "type": "text",
      "text": "“能量”面板通常位于“信息”选项卡下方，可显示当前机器的能量消耗等 RF 相关信息。每台机器的能量消耗功率均有上限，且每个配方均有各自的处理能耗，两个数值均能与$(l:thermal:technology/augments/introduction)增强$(/l)相挂钩，后者除以前者即可得出给定配方的处理耗时，那么缩短配方处理耗时的方法即有两种：加装$(l:thermal:technology/augments/machine_speed)提升最大功率的增强$(/l)，或使用可减少配方处理总能耗的$(l:thermal:world/materials/catalysts)催化剂$(/l)。"
    },
    {
      "type": "crafting",
      "recipe": "thermal:machine_frame",
      "text": "本页面展示了几种用以制作机器和设备的常见合成材料及对应配方。"
    },
    {
      "type": "crafting",
      "recipe": "thermal:redstone_servo",
      "recipe2": "thermal:rf_coil"
    }
  ]
}