{
  "name": "感应炉",
  "icon": "thermal:machine_smelter",
  "category": "thermal:machines",
  "read_by_default": true,
  "flag": "mod:thermal_expansion",
  "pages": [
    {
      "type": "hidden_item_text_page",
      "title": "感应炉",
      "item": "thermal:rich_slag",
      "text": "感应炉能够熔合多件物品并形成合金材料，同时可将矿石熔炼为锭及宝石且产量受$(l:thermal:world/materials/catalysts)催化剂$(/l)影响。处理矿石时有几率获得可作为催化剂使用，也可用以制作$(l:thermal:world/plants/phytogro)植育一号$(/l)的副产物富炉渣，而熔炼沙砾则可产出燧石与炉渣。"
    },
    {
      "type": "crafting",
      "recipe": "thermal:machine_smelter",
      "title": "感应炉"
    },
    {
      "type": "text",
      "title": "兼容增强",
      "text": "$(li)$(l:thermal:technology/augments/integral_components)整合组件$(/l)$(li)$(l:thermal:technology/augments/item_filter)物品过滤规制$(/l)$(li)$(l:thermal:technology/augments/xp_storage)知识浓缩存储$(/l)$(li)$(l:thermal:technology/augments/rf_coil)扩展通量线圈$(/l)$(li)$(l:thermal:technology/augments/rf_coil_storage)稳态通量线圈$(/l)$(li)$(l:thermal:technology/augments/rf_coil_xfer)强导通量线圈$(/l)$(li)$(l:thermal:technology/augments/machine_speed)通量链接升级$(/l)$(li)$(l:thermal:technology/augments/machine_efficiency)通量效率升级$(/l)$(li)$(l:thermal:technology/augments/machine_output)辅助筛取升级$(/l)$(li)$(l:thermal:technology/augments/machine_catalyst)触媒回收升级$(/l)"
    }
  ]
}