{
    "name": "Large Plane",
    "icon": "simpleplanes:large_plane",
    "category": "simpleplanes:intro",
    "pages": [
        {
            "type": "text",
            "text": "It can fit two passengers, but needs more fuel than the smaller version. You need an engine to power it."
        },
        {
            "type": "entity",
            "entity": "simpleplanes:large_plane",
            "scale": 0.4
        },
        {
            "type": "simpleplanes:plane_recipe",
            "item1": "simpleplanes:propeller#1",
            "item2": "minecraft:oak_planks#10",
            "output": "simpleplanes:large_plane"
        }
    ]
}