{
  "name": "无限电锤",
  "icon": "industrialforegoing:infinity_hammer",
  "category": "industrialforegoing:tools",
  "sortnum": 3,
  "read_by_default": true,
  "pages": [
    {
      "type": "text",
      "text": "无限电锤是一种能让你范围杀伤敌人的工具。增加充能等级会带来不同等级的$(6)斩首$()，来让你更加容易的获得怪物头颅。"
    },
    {
      "type": "text",
      "text": "当右键地面时会在使用者面前锥形范围内的地面上产生$(6)尖牙$()效果。"
    }
  ]
}