{
  "name": "海苔片",
  "icon": "sushigocrafting:nori_sheets",
  "category": "getting_started",
  "sortnum": 2,
  "read_by_default": false,
  "pages": [
    {
      "type": "text",
      "text": "要想获得海苔片，你需要在海洋中找到海藻，并用它制作干海藻块。$(br2)在铁块和活塞之间挤压干海藻块即可获得海苔片。"
    },
    {
      "type": "image",
      "images": [
        "sushigocrafting:textures/gui/book/nori.png"
      ],
      "title": "使用活塞制作海苔片",
      "text": ""
    }
  ]
}