{
  "name": "text.industrialforegoing.book.title",
  "landing_text": "If you need to automate all the things! $(br2)You can become my patreon $(l:https://www.patreon.com/buuz135)here$().$(br2)If a machine is missing, the machine hasn't been implemented yet.",
  "book_texture": "patchouli:textures/gui/book_cyan.png",
  "version": "GRADLE:VERSION",
  "text_color": "5A5766",
  "header_color": "48435C",
  "nameplate_color": "61E786",
  "progress_bar_color": "EDFFEC",
  "model": "industrialforegoing:book_manual"
}