{  "components": [    {      "type": "header",      "text": "#title",      "x": -1,      "y": -1    },    {      "type": "separator",      "x": -1,      "y": -1    },    {      "type": "item",      "item": "#item1",      "framed": true,      "link_recipe": true,      "x": 20,      "y": 20    },    {      "type": "item",      "item": "#item2",      "framed": true,      "link_recipe": true,      "x": 50,      "y": 20    },    {      "type": "item",      "item": "#item3",      "framed": true,      "link_recipe": true,      "x": 80,      "y": 20    },    {      "type": "item",      "item": "#item4",      "framed": true,      "link_recipe": true,      "x": 35,      "y": 45    },    {      "type": "item",      "item": "#item5",      "framed": true,      "link_recipe": true,      "x": 65,      "y": 45    },    {      "type": "text",      "text": "#text",      "x": 0,      "y": 70    }  ]}