{
  "processor": "cofh.thermal.expansion.compat.patchouli.CatalystProcessor",
  "components": [
    {
      "type": "tooltip",
      "tooltip": [
        "#A_0_item#->iname",
        "主产物产出倍数：#A_0_p#x",
        "副产物产出倍数：#A_0_s#x",
        "能耗倍数：#A_0_e#x",
        "消耗几率：#A_0_u#%"
      ],
      "guard": "#A_0_enable",
      "width": 16,
      "height": 7,
      "x": 0,
      "y": 18
    },
    {
      "type": "text",
      "text": "...",
      "guard": "#A_0_enable",
      "x": 6,
      "y": 16
    },
    {
      "type": "item",
      "item": "#A_0_item",
      "guard": "#A_0_enable",
      "x": 0,
      "y": 3
    },
    {
      "type": "tooltip",
      "tooltip": [
        "#A_1_item#->iname",
        "主产物产出倍数：#A_1_p#x",
        "副产物产出倍数：#A_1_s#x",
        "能耗倍数：#A_1_e#x",
        "消耗几率：#A_1_u#%"
      ],
      "guard": "#A_1_enable",
      "width": 16,
      "height": 7,
      "x": 19,
      "y": 18
    },
    {
      "type": "text",
      "text": "...",
      "guard": "#A_1_enable",
      "x": 25,
      "y": 16
    },
    {
      "type": "item",
      "item": "#A_1_item",
      "guard": "#A_1_enable",
      "x": 19,
      "y": 3
    },
    {
      "type": "tooltip",
      "tooltip": [
        "#A_2_item#->iname",
        "主产物产出倍数：#A_2_p#x",
        "副产物产出倍数：#A_2_s#x",
        "能耗倍数：#A_2_e#x",
        "消耗几率：#A_2_u#%"
      ],
      "guard": "#A_2_enable",
      "width": 16,
      "height": 7,
      "x": 38,
      "y": 18
    },
    {
      "type": "text",
      "text": "...",
      "guard": "#A_2_enable",
      "x": 44,
      "y": 16
    },
    {
      "type": "item",
      "item": "#A_2_item",
      "guard": "#A_2_enable",
      "x": 38,
      "y": 3
    },
    {
      "type": "tooltip",
      "tooltip": [
        "#A_3_item#->iname",
        "主产物产出倍数：#A_3_p#x",
        "副产物产出倍数：#A_3_s#x",
        "能耗倍数：#A_3_e#x",
        "消耗几率：#A_3_u#%"
      ],
      "guard": "#A_3_enable",
      "width": 16,
      "height": 7,
      "x": 57,
      "y": 18
    },
    {
      "type": "text",
      "text": "...",
      "guard": "#A_3_enable",
      "x": 63,
      "y": 16
    },
    {
      "type": "item",
      "item": "#A_3_item",
      "guard": "#A_3_enable",
      "x": 57,
      "y": 3
    },
    {
      "type": "tooltip",
      "tooltip": [
        "#A_4_item#->iname",
        "主产物产出倍数：#A_4_p#x",
        "副产物产出倍数：#A_4_s#x",
        "能耗倍数：#A_4_e#x",
        "消耗几率：#A_4_u#%"
      ],
      "guard": "#A_4_enable",
      "width": 16,
      "height": 7,
      "x": 76,
      "y": 18
    },
    {
      "type": "text",
      "text": "...",
      "guard": "#A_4_enable",
      "x": 82,
      "y": 16
    },
    {
      "type": "item",
      "item": "#A_4_item",
      "guard": "#A_4_enable",
      "x": 76,
      "y": 3
    },
    {
      "type": "tooltip",
      "tooltip": [
        "#A_5_item#->iname",
        "主产物产出倍数：#A_5_p#x",
        "副产物产出倍数：#A_5_s#x",
        "能耗倍数：#A_5_e#x",
        "消耗几率：#A_5_u#%"
      ],
      "guard": "#A_5_enable",
      "width": 16,
      "height": 7,
      "x": 95,
      "y": 18
    },
    {
      "type": "text",
      "text": "...",
      "guard": "#A_5_enable",
      "x": 101,
      "y": 16
    },
    {
      "type": "item",
      "item": "#A_5_item",
      "guard": "#A_5_enable",
      "x": 95,
      "y": 3
    },
    {
      "type": "text",
      "text": "#A_machine",
      "x": 0,
      "y": -5
    },
    {
      "type": "text",
      "text": "以及$(br)更多！",
      "group": "jei",
      "guard": "#A_enablejei",
      "x": 95,
      "y": 5
    },
    {
      "type": "tooltip",
      "tooltip": [
        "查看 JEI 以获悉更多详情！"
      ],
      "group": "jei",
      "guard": "#A_enablejei",
      "width": 18,
      "height": 22,
      "x": 94,
      "y": 3
    },
    {
      "type": "tooltip",
      "tooltip": [
        "#B_0_item#->iname",
        "主产物产出倍数：#B_0_p#x",
        "副产物产出倍数：#B_0_s#x",
        "能耗倍数：#B_0_e#x",
        "消耗几率：#B_0_u#%"
      ],
      "guard": "#B_0_enable",
      "width": 16,
      "height": 7,
      "x": 0,
      "y": 48
    },
    {
      "type": "text",
      "text": "...",
      "guard": "#B_0_enable",
      "x": 6,
      "y": 46
    },
    {
      "type": "item",
      "item": "#B_0_item",
      "guard": "#B_0_enable",
      "x": 0,
      "y": 33
    },
    {
      "type": "tooltip",
      "tooltip": [
        "#B_1_item#->iname",
        "主产物产出倍数：#B_1_p#x",
        "副产物产出倍数：#B_1_s#x",
        "能耗倍数：#B_1_e#x",
        "消耗几率：#B_1_u#%"
      ],
      "guard": "#B_1_enable",
      "width": 16,
      "height": 7,
      "x": 19,
      "y": 48
    },
    {
      "type": "text",
      "text": "...",
      "guard": "#B_1_enable",
      "x": 25,
      "y": 46
    },
    {
      "type": "item",
      "item": "#B_1_item",
      "guard": "#B_1_enable",
      "x": 19,
      "y": 33
    },
    {
      "type": "tooltip",
      "tooltip": [
        "#B_2_item#->iname",
        "主产物产出倍数：#B_2_p#x",
        "副产物产出倍数：#B_2_s#x",
        "能耗倍数：#B_2_e#x",
        "消耗几率：#B_2_u#%"
      ],
      "guard": "#B_2_enable",
      "width": 16,
      "height": 7,
      "x": 38,
      "y": 48
    },
    {
      "type": "text",
      "text": "...",
      "guard": "#B_2_enable",
      "x": 44,
      "y": 46
    },
    {
      "type": "item",
      "item": "#B_2_item",
      "guard": "#B_2_enable",
      "x": 38,
      "y": 33
    },
    {
      "type": "tooltip",
      "tooltip": [
        "#B_3_item#->iname",
        "主产物产出倍数：#B_3_p#x",
        "副产物产出倍数：#B_3_s#x",
        "能耗倍数：#B_3_e#x",
        "消耗几率：#B_3_u#%"
      ],
      "guard": "#B_3_enable",
      "width": 16,
      "height": 7,
      "x": 57,
      "y": 48
    },
    {
      "type": "text",
      "text": "...",
      "guard": "#B_3_enable",
      "x": 63,
      "y": 46
    },
    {
      "type": "item",
      "item": "#B_3_item",
      "guard": "#B_3_enable",
      "x": 57,
      "y": 33
    },
    {
      "type": "tooltip",
      "tooltip": [
        "#B_4_item#->iname",
        "主产物产出倍数：#B_4_p#x",
        "副产物产出倍数：#B_4_s#x",
        "能耗倍数：#B_4_e#x",
        "消耗几率：#B_4_u#%"
      ],
      "guard": "#B_4_enable",
      "width": 16,
      "height": 7,
      "x": 76,
      "y": 48
    },
    {
      "type": "text",
      "text": "...",
      "guard": "#B_4_enable",
      "x": 82,
      "y": 46
    },
    {
      "type": "item",
      "item": "#B_4_item",
      "guard": "#B_4_enable",
      "x": 76,
      "y": 33
    },
    {
      "type": "tooltip",
      "tooltip": [
        "#B_5_item#->iname",
        "主产物产出倍数：#B_5_p#x",
        "副产物产出倍数：#B_5_s#x",
        "能耗倍数：#B_5_e#x",
        "消耗几率：#B_5_u#%"
      ],
      "guard": "#B_5_enable",
      "width": 16,
      "height": 7,
      "x": 95,
      "y": 48
    },
    {
      "type": "text",
      "text": "...",
      "guard": "#B_5_enable",
      "x": 101,
      "y": 46
    },
    {
      "type": "item",
      "item": "#B_5_item",
      "guard": "#B_5_enable",
      "x": 95,
      "y": 33
    },
    {
      "type": "text",
      "text": "#B_machine",
      "x": 0,
      "y": 25
    },
    {
      "type": "text",
      "text": "以及$(br)更多！",
      "group": "jei",
      "guard": "#B_enablejei",
      "x": 95,
      "y": 35
    },
    {
      "type": "tooltip",
      "tooltip": [
        "查看 JEI 以获悉更多详情！"
      ],
      "group": "jei",
      "guard": "#B_enablejei",
      "width": 18,
      "height": 22,
      "x": 94,
      "y": 33
    },
    {
      "type": "tooltip",
      "tooltip": [
        "#C_0_item#->iname",
        "主产物产出倍数：#C_0_p#x",
        "副产物产出倍数：#C_0_s#x",
        "能耗倍数：#C_0_e#x",
        "消耗几率：#C_0_u#%"
      ],
      "guard": "#C_0_enable",
      "width": 16,
      "height": 7,
      "x": 0,
      "y": 78
    },
    {
      "type": "text",
      "text": "...",
      "guard": "#C_0_enable",
      "x": 6,
      "y": 76
    },
    {
      "type": "item",
      "item": "#C_0_item",
      "guard": "#C_0_enable",
      "x": 0,
      "y": 63
    },
    {
      "type": "tooltip",
      "tooltip": [
        "#C_1_item#->iname",
        "主产物产出倍数：#C_1_p#x",
        "副产物产出倍数：#C_1_s#x",
        "能耗倍数：#C_1_e#x",
        "消耗几率：#C_1_u#%"
      ],
      "guard": "#C_1_enable",
      "width": 16,
      "height": 7,
      "x": 19,
      "y": 78
    },
    {
      "type": "text",
      "text": "...",
      "guard": "#C_1_enable",
      "x": 25,
      "y": 76
    },
    {
      "type": "item",
      "item": "#C_1_item",
      "guard": "#C_1_enable",
      "x": 19,
      "y": 63
    },
    {
      "type": "tooltip",
      "tooltip": [
        "#C_2_item#->iname",
        "主产物产出倍数：#C_2_p#x",
        "副产物产出倍数：#C_2_s#x",
        "能耗倍数：#C_2_e#x",
        "消耗几率：#C_2_u#%"
      ],
      "guard": "#C_2_enable",
      "width": 16,
      "height": 7,
      "x": 38,
      "y": 78
    },
    {
      "type": "text",
      "text": "...",
      "guard": "#C_2_enable",
      "x": 44,
      "y": 76
    },
    {
      "type": "item",
      "item": "#C_2_item",
      "guard": "#C_2_enable",
      "x": 38,
      "y": 63
    },
    {
      "type": "tooltip",
      "tooltip": [
        "#C_3_item#->iname",
        "主产物产出倍数：#C_3_p#x",
        "副产物产出倍数：#C_3_s#x",
        "能耗倍数：#C_3_e#x",
        "消耗几率：#C_3_u#%"
      ],
      "guard": "#C_3_enable",
      "width": 16,
      "height": 7,
      "x": 57,
      "y": 78
    },
    {
      "type": "text",
      "text": "...",
      "guard": "#C_3_enable",
      "x": 63,
      "y": 76
    },
    {
      "type": "item",
      "item": "#C_3_item",
      "guard": "#C_3_enable",
      "x": 57,
      "y": 63
    },
    {
      "type": "tooltip",
      "tooltip": [
        "#C_4_item#->iname",
        "主产物产出倍数：#C_4_p#x",
        "副产物产出倍数：#C_4_s#x",
        "能耗倍数：#C_4_e#x",
        "消耗几率：#C_4_u#%"
      ],
      "guard": "#C_4_enable",
      "width": 16,
      "height": 7,
      "x": 76,
      "y": 78
    },
    {
      "type": "text",
      "text": "...",
      "guard": "#C_4_enable",
      "x": 82,
      "y": 76
    },
    {
      "type": "item",
      "item": "#C_4_item",
      "guard": "#C_4_enable",
      "x": 76,
      "y": 63
    },
    {
      "type": "tooltip",
      "tooltip": [
        "#C_5_item#->iname",
        "主产物产出倍数：#C_5_p#x",
        "副产物产出倍数：#C_5_s#x",
        "能耗倍数：#C_5_e#x",
        "消耗几率：#C_5_u#%"
      ],
      "guard": "#C_5_enable",
      "width": 16,
      "height": 7,
      "x": 95,
      "y": 78
    },
    {
      "type": "text",
      "text": "...",
      "guard": "#C_5_enable",
      "x": 101,
      "y": 76
    },
    {
      "type": "item",
      "item": "#C_5_item",
      "guard": "#C_5_enable",
      "x": 95,
      "y": 63
    },
    {
      "type": "text",
      "text": "#C_machine",
      "x": 0,
      "y": 55
    },
    {
      "type": "text",
      "text": "以及$(br)更多！",
      "group": "jei",
      "guard": "#C_enablejei",
      "x": 95,
      "y": 65
    },
    {
      "type": "tooltip",
      "tooltip": [
        "查看 JEI 以获悉更多详情！"
      ],
      "group": "jei",
      "guard": "#C_enablejei",
      "width": 18,
      "height": 22,
      "x": 94,
      "y": 63
    },
    {
      "type": "tooltip",
      "tooltip": [
        "#D_0_item#->iname",
        "主产物产出倍数：#D_0_p#x",
        "副产物产出倍数：#D_0_s#x",
        "能耗倍数：#D_0_e#x",
        "消耗几率：#D_0_u#%"
      ],
      "guard": "#D_0_enable",
      "width": 16,
      "height": 7,
      "x": 0,
      "y": 108
    },
    {
      "type": "text",
      "text": "...",
      "guard": "#D_0_enable",
      "x": 6,
      "y": 106
    },
    {
      "type": "item",
      "item": "#D_0_item",
      "guard": "#D_0_enable",
      "x": 0,
      "y": 93
    },
    {
      "type": "tooltip",
      "tooltip": [
        "#D_1_item#->iname",
        "主产物产出倍数：#D_1_p#x",
        "副产物产出倍数：#D_1_s#x",
        "能耗倍数：#D_1_e#x",
        "消耗几率：#D_1_u#%"
      ],
      "guard": "#D_1_enable",
      "width": 16,
      "height": 7,
      "x": 19,
      "y": 108
    },
    {
      "type": "text",
      "text": "...",
      "guard": "#D_1_enable",
      "x": 25,
      "y": 106
    },
    {
      "type": "item",
      "item": "#D_1_item",
      "guard": "#D_1_enable",
      "x": 19,
      "y": 93
    },
    {
      "type": "tooltip",
      "tooltip": [
        "#D_2_item#->iname",
        "主产物产出倍数：#D_2_p#x",
        "副产物产出倍数：#D_2_s#x",
        "能耗倍数：#D_2_e#x",
        "消耗几率：#D_2_u#%"
      ],
      "guard": "#D_2_enable",
      "width": 16,
      "height": 7,
      "x": 38,
      "y": 108
    },
    {
      "type": "text",
      "text": "...",
      "guard": "#D_2_enable",
      "x": 44,
      "y": 106
    },
    {
      "type": "item",
      "item": "#D_2_item",
      "guard": "#D_2_enable",
      "x": 38,
      "y": 93
    },
    {
      "type": "tooltip",
      "tooltip": [
        "#D_3_item#->iname",
        "主产物产出倍数：#D_3_p#x",
        "副产物产出倍数：#D_3_s#x",
        "能耗倍数：#D_3_e#x",
        "消耗几率：#D_3_u#%"
      ],
      "guard": "#D_3_enable",
      "width": 16,
      "height": 7,
      "x": 57,
      "y": 108
    },
    {
      "type": "text",
      "text": "...",
      "guard": "#D_3_enable",
      "x": 63,
      "y": 106
    },
    {
      "type": "item",
      "item": "#D_3_item",
      "guard": "#D_3_enable",
      "x": 57,
      "y": 93
    },
    {
      "type": "tooltip",
      "tooltip": [
        "#D_4_item#->iname",
        "主产物产出倍数：#D_4_p#x",
        "副产物产出倍数：#D_4_s#x",
        "能耗倍数：#D_4_e#x",
        "消耗几率：#D_4_u#%"
      ],
      "guard": "#D_4_enable",
      "width": 16,
      "height": 7,
      "x": 76,
      "y": 108
    },
    {
      "type": "text",
      "text": "...",
      "guard": "#D_4_enable",
      "x": 82,
      "y": 106
    },
    {
      "type": "item",
      "item": "#D_4_item",
      "guard": "#D_4_enable",
      "x": 76,
      "y": 93
    },
    {
      "type": "tooltip",
      "tooltip": [
        "#D_5_item#->iname",
        "主产物产出倍数：#D_5_p#x",
        "副产物产出倍数：#D_5_s#x",
        "能耗倍数：#D_5_e#x",
        "消耗几率：#D_5_u#%"
      ],
      "guard": "#D_5_enable",
      "width": 16,
      "height": 7,
      "x": 95,
      "y": 108
    },
    {
      "type": "text",
      "text": "...",
      "guard": "#D_5_enable",
      "x": 101,
      "y": 106
    },
    {
      "type": "item",
      "item": "#D_5_item",
      "guard": "#D_5_enable",
      "x": 95,
      "y": 93
    },
    {
      "type": "text",
      "text": "#D_machine",
      "x": 0,
      "y": 85
    },
    {
      "type": "text",
      "text": "以及$(br)更多！",
      "group": "jei",
      "guard": "#D_enablejei",
      "x": 95,
      "y": 95
    },
    {
      "type": "tooltip",
      "tooltip": [
        "查看 JEI 以获悉更多详情！"
      ],
      "group": "jei",
      "guard": "#D_enablejei",
      "width": 18,
      "height": 22,
      "x": 94,
      "y": 93
    },
    {
      "type": "tooltip",
      "tooltip": [
        "#E_0_item#->iname",
        "主产物产出倍数：#E_0_p#x",
        "副产物产出倍数：#E_0_s#x",
        "能耗倍数：#E_0_e#x",
        "消耗几率：#E_0_u#%"
      ],
      "guard": "#E_0_enable",
      "width": 16,
      "height": 7,
      "x": 0,
      "y": 138
    },
    {
      "type": "text",
      "text": "...",
      "guard": "#E_0_enable",
      "x": 6,
      "y": 136
    },
    {
      "type": "item",
      "item": "#E_0_item",
      "guard": "#E_0_enable",
      "x": 0,
      "y": 123
    },
    {
      "type": "tooltip",
      "tooltip": [
        "#E_1_item#->iname",
        "主产物产出倍数：#E_1_p#x",
        "副产物产出倍数：#E_1_s#x",
        "能耗倍数：#E_1_e#x",
        "消耗几率：#E_1_u#%"
      ],
      "guard": "#E_1_enable",
      "width": 16,
      "height": 7,
      "x": 19,
      "y": 138
    },
    {
      "type": "text",
      "text": "...",
      "guard": "#E_1_enable",
      "x": 25,
      "y": 136
    },
    {
      "type": "item",
      "item": "#E_1_item",
      "guard": "#E_1_enable",
      "x": 19,
      "y": 123
    },
    {
      "type": "tooltip",
      "tooltip": [
        "#E_2_item#->iname",
        "主产物产出倍数：#E_2_p#x",
        "副产物产出倍数：#E_2_s#x",
        "能耗倍数：#E_2_e#x",
        "消耗几率：#E_2_u#%"
      ],
      "guard": "#E_2_enable",
      "width": 16,
      "height": 7,
      "x": 38,
      "y": 138
    },
    {
      "type": "text",
      "text": "...",
      "guard": "#E_2_enable",
      "x": 44,
      "y": 136
    },
    {
      "type": "item",
      "item": "#E_2_item",
      "guard": "#E_2_enable",
      "x": 38,
      "y": 123
    },
    {
      "type": "tooltip",
      "tooltip": [
        "#E_3_item#->iname",
        "主产物产出倍数：#E_3_p#x",
        "副产物产出倍数：#E_3_s#x",
        "能耗倍数：#E_3_e#x",
        "消耗几率：#E_3_u#%"
      ],
      "guard": "#E_3_enable",
      "width": 16,
      "height": 7,
      "x": 57,
      "y": 138
    },
    {
      "type": "text",
      "text": "...",
      "guard": "#E_3_enable",
      "x": 63,
      "y": 136
    },
    {
      "type": "item",
      "item": "#E_3_item",
      "guard": "#E_3_enable",
      "x": 57,
      "y": 123
    },
    {
      "type": "tooltip",
      "tooltip": [
        "#E_4_item#->iname",
        "主产物产出倍数：#E_4_p#x",
        "副产物产出倍数：#E_4_s#x",
        "能耗倍数：#E_4_e#x",
        "消耗几率：#E_4_u#%"
      ],
      "guard": "#E_4_enable",
      "width": 16,
      "height": 7,
      "x": 76,
      "y": 138
    },
    {
      "type": "text",
      "text": "...",
      "guard": "#E_4_enable",
      "x": 82,
      "y": 136
    },
    {
      "type": "item",
      "item": "#E_4_item",
      "guard": "#E_4_enable",
      "x": 76,
      "y": 123
    },
    {
      "type": "tooltip",
      "tooltip": [
        "#E_5_item#->iname",
        "主产物产出倍数：#E_5_p#x",
        "副产物产出倍数：#E_5_s#x",
        "能耗倍数：#E_5_e#x",
        "消耗几率：#E_5_u#%"
      ],
      "guard": "#E_5_enable",
      "width": 16,
      "height": 7,
      "x": 95,
      "y": 138
    },
    {
      "type": "text",
      "text": "...",
      "guard": "#E_5_enable",
      "x": 101,
      "y": 136
    },
    {
      "type": "item",
      "item": "#E_5_item",
      "guard": "#E_5_enable",
      "x": 95,
      "y": 123
    },
    {
      "type": "text",
      "text": "#E_machine",
      "x": 0,
      "y": 115
    },
    {
      "type": "text",
      "text": "以及$(br)更多！",
      "group": "jei",
      "guard": "#E_enablejei",
      "x": 95,
      "y": 125
    },
    {
      "type": "tooltip",
      "tooltip": [
        "查看 JEI 以获悉更多详情！"
      ],
      "group": "jei",
      "guard": "#E_enablejei",
      "width": 18,
      "height": 22,
      "x": 94,
      "y": 123
    }
  ]
}