{
  "name": "流明铁轨",
  "icon": "thermal:lumium_rail",
  "read_by_default": true,
  "flag": "mod:thermal_locomotion",
  "category": "thermal:locomotion",

  "pages": [
    {
      "type": "text",
      "text": "流明铁轨仅比普通铁轨多出一个 15 级的照明功能。"

    },
    {
      "type": "crafting",
      "recipe": "thermal:lumium_rail",
      "recipe2": "thermal:lumium_crossover_rail"


    },
    {
      "type": "crafting",
      "recipe": "thermal:lumium_powered_rail",
      "recipe2": "thermal:lumium_activator_rail"


    },
    {
      "type": "crafting",
      "recipe": "thermal:lumium_detector_rail"


    }

  ]
}