{
  "name": "海晶铁轨",
  "icon": "thermal:prismarine_rail",
  "read_by_default": true,
  "flag": "mod:thermal_locomotion",
  "category": "thermal:locomotion",

  "pages": [
    {
      "type": "text",
      "text": "海晶铁轨与普通铁轨作用相仿，但可在水下放置且属于可浸水（waterloggable）方块。然而，乘坐于普通矿车中的实体若淹没于水中，仍然会被强制脱离，但乘坐$(l:thermal:storage_and_transport/locomotion/underwater_minecart)水下矿车$(/l)则可防止这种情况的发生。除此之外，海晶铁轨还能提供 8 级的照明光亮。"

    },
    {
      "type": "crafting",
      "recipe": "thermal:prismarine_rail",
      "recipe2": "thermal:prismarine_crossover_rail"


    },
    {
      "type": "crafting",
      "recipe": "thermal:prismarine_powered_rail",
      "recipe2": "thermal:prismarine_activator_rail"


    },
    {
      "type": "crafting",
      "recipe": "thermal:prismarine_detector_rail"


    }

  ]
}