{
  "name": "铁匠使魔",
  "icon": "occultism:textures/gui/book/familiar_blacksmith.png",
  "category": "occultism:rituals/familiars",
  "sortnum": 70,
  "pages": [
    {
      "type": "entity",
      "entity": "occultism:blacksmith_familiar",
      "text": "$(bold)提供$()：$(thing)挖矿时修复装备$()，$(thing)升级其他使魔。$()"
    },
    {
      "type": "occultism:ritual",
      "recipe": "occultism:ritual/familiar_blacksmith"
    },
    {
      "type": "text",
      "text": "每次玩家捡起石头都有概率使铁匠使魔修复玩家的装备，使其恢复少许耐久。$(br2)要升级其他使魔，需要先右键给予铁匠使魔铁锭或铁块。升级后的使魔能提供额外效果。"
    }
  ]
}

