{
  "name": "使魔概论",
  "icon": "occultism:familiar_ring",
  "category": "occultism:rituals/familiars",
  "sortnum": 10,
  "pages": [
    {
      "type": "text",
      "text": "魔灵通常会栖身于动物的身体之中，这使其基本免于灵髓衰退。使魔能提供增益状态，不过也能主动地保护召唤者。"
    },
    {
      "type": "text",
      "text": "拥有进取精神的魔法师发现了一种将使魔束缚于珠宝中并被动地提供增益的办法：$(l:rituals/crafting/craft_familiar_ring)使魔之戒$()。"
    },
    {
      "type": "text",
      "title": "交易使魔",
      "text": "当使魔位于$(l:rituals/crafting/craft_familiar_ring)使魔之戒$()中时，它们能被轻松地交易。被释放后，魔灵会将释放者认作其新主人。"
    }
  ]
}

