{
  "name": "奇美拉使魔",
  "icon": "occultism:textures/gui/book/familiar_chimera.png",
  "category": "occultism:rituals/familiars",
  "sortnum": 100,
  "pages": [
    {
      "type": "entity",
      "entity": "occultism:chimera_familiar",
      "scale": 0.7,
      "text": "$(bold)提供$()：$(thing)坐骑$()"
    },
    {
      "type": "occultism:ritual",
      "recipe": "occultism:ritual/familiar_chimera"
    },
    {
      "type": "text",
      "text": "向奇美拉喂食（任何）肉类都会让它长大，同时增加它的伤害和速度。等奇美拉长得足够大，你就可以骑乘它。向奇美拉喂食金苹果可以使其中的山羊分离出来，成为一个独立的使魔。"
    },
    {
      "type": "text",
      "text": "分离出的山羊使魔可以用于获得$(l:rituals/familiars/familiar_shub_niggurath)莎布·尼古拉丝$(/l)使魔。"
    },
    {
      "type": "text",
      "text": "被铁匠使魔升级后，山羊使魔会获得一个警戒铃铛。此时攻击该使魔会使它摇响铃铛，并在大范围内吸引敌人。"
    }
  ]
}

