{
  "name": "无头鼠骑士使魔",
  "icon": "occultism:textures/gui/book/familiar_headless_ratman.png",
  "category": "occultism:rituals/familiars",
  "sortnum": 90,
  "pages": [
    {
      "type": "entity",
      "entity": "occultism:headless_familiar",
      "scale": 0.7,
      "text": "$(bold)提供$()：$(thing)有条件伤害增益$()"
    },
    {
      "type": "occultism:ritual",
      "recipe": "occultism:ritual/familiar_headless"
    },
    {
      "type": "text",
      "text": "无头鼠骑士使魔会从附近被杀的生物上偷取头颅。然后使魔会为其主人提供针对该类生物的伤害增益。"
    },
    {
      "type": "text",
      "text": "骑士使魔的生命值掉到一半以下后就会死亡，但其主人可以通过给予使魔小麦、木棍、干草块和一个南瓜来重建它。"
    },
    {
      "type": "text",
      "text": "被铁匠使魔升级后，它会对附近被它偷走头的那种生物造成虚弱状态。"
    }
  ]
}

