{
  "name": "莎布·尼古拉丝使魔",
  "icon": "occultism:textures/gui/book/familiar_shub_niggurath.png",
  "category": "occultism:rituals/familiars",
  "sortnum": 110,
  "pages": [
    {
      "type": "entity",
      "entity": "occultism:shub_niggurath_familiar"
    },
    {
      "type": "text",
      "text": "莎布·尼古拉丝并不能直接召唤。首先，你需要召唤一只$(l:rituals/familiars/familiar_shub_niggurath)奇美拉$(/l)使魔，并通过对其喂食$(thing)金苹果$()来使山羊分离。将这只山羊带到一个$(bold)森林群系$()。然后按顺序对山羊使用$(thing)黑色染料$()、$(thing)燧石$()和$(thing)末影之眼$()就能召唤莎布·尼古拉丝。"
    },
    {
      "type": "text",
      "text": "莎布·尼古拉丝使魔会定期召唤其后裔，这些后裔在靠近敌人时会自爆。"
    },
    {
      "type": "text",
      "text": "被铁匠使魔升级后，莎布·尼古拉丝使魔会获得一个警戒铃铛。此时攻击该使魔会使它摇响铃铛，并在大范围内吸引敌人。"
    }
  ]
}

