{
  "name": "克苏鲁使魔",
  "icon": "occultism:textures/gui/book/familiar_cthulhu.png",
  "category": "occultism:rituals/familiars",
  "sortnum": 50,
  "pages": [
    {
      "type": "entity",
      "entity": "occultism:cthulhu_familiar",
      "scale": 0.5,
      "text": "$(bold)提供$()：$(thing)水下呼吸$()"
    },
    {
      "type": "occultism:ritual",
      "recipe": "occultism:ritual/familiar_cthulhu"
    },
    {
      "type": "text",
      "text": "被铁匠使魔升级后，它能充当移动光源。"
    }
  ]
}

