{
  "name": "龙使魔",
  "icon": "occultism:textures/gui/book/familiar_dragon.png",
  "category": "occultism:rituals/familiars",
  "sortnum": 60,
  "pages": [
    {
      "type": "entity",
      "entity": "occultism:dragon_familiar",
      "scale": 0.7,
      "text": "$(bold)提供$()：$(thing)经验提升$()，喜欢木棍"
    },
    {
      "type": "occultism:ritual",
      "recipe": "occultism:ritual/familiar_dragon"
    },
    {
      "type": "text",
      "text": "贪婪使魔能骑在龙使魔上，使龙也会拾取物品。"
    },
    {
      "type": "text",
      "text": "被铁匠使魔升级后，它会向附近的敌人扔出飞剑。"
    }
  ]
}

