{
	"name": "疣猪兽皮",
	"category": "upgrades",
	"icon": "craftandhunt:hoglin_leather",
	"pages": [
		{
			"type": "spotlight",
			"item": "craftandhunt:hoglin_leather",
			"text": "厚厚的疣猪皮，可以将山羊装备升级为疣猪装备，增加其防御能力。它也可以用于制作书籍和物品展示框。"
		},
		{
			"type": "smithing",
			"recipe": "craftandhunt:goat_upgraded_to_hoglin_helmet",
			"recipe2": "craftandhunt:goat_upgraded_to_hoglin_chestplate"
		},
		{
			"type": "smithing",
			"recipe": "craftandhunt:goat_upgraded_to_hoglin_leggings",
			"recipe2": "craftandhunt:goat_upgraded_to_hoglin_boots"
		}
	]
}