{
	"name": "洞穴蜘蛛甲壳质",
	"category": "upgrades",
	"icon": "craftandhunt:spider_poison_chitin",
	"pages": [
		{
			"type": "spotlight",
			"item": "craftandhunt:spider_poison_chitin",
			"text": "来自洞穴蜘蛛的珍稀掉落。人们可以用它来升级蜘蛛盔甲，拥有更高的耐久和毒性。"
		},
		{
			"type": "crafting",
			"recipe": "craftandhunt:spider_poison_chitin",
			"text": "人们可以通过以下方式使用洞穴蜘蛛甲壳质。"
		},
		{
			"type": "smithing",
			"recipe": "craftandhunt:spider_upgraded_to_spider_poison_helmet",
			"recipe2": "craftandhunt:spider_upgraded_to_spider_poison_chestplate"
		},
		{
			"type": "smithing",
			"recipe": "craftandhunt:spider_upgraded_to_spider_poison_leggings",
			"recipe2": "craftandhunt:spider_upgraded_to_spider_poison_boots"
		}
	]
}