{
	"name": "蜜蜂升级",
	"category": "upgrades",
	"icon": "craftandhunt:bee_chitin",
	"pages": [
		{
			"type": "spotlight",
			"item": "craftandhunt:bee_chitin",
			"text": "成为蜜蜂。使用蜂巢将蜜蜂盔甲升级为蜂巢盔甲。然后使用蜂箱将蜂巢盔甲升级为蜂箱装甲。每升一级都会增加蜂之复仇的等级，还有更好的防御力。"
		},
		{
			"type": "smithing",
			"recipe": "craftandhunt:bee_upgraded_to_nest_helmet",
			"recipe2": "craftandhunt:bee_upgraded_to_nest_chestplate"
		},
		{
			"type": "smithing",
			"recipe": "craftandhunt:bee_upgraded_to_nest_leggings",
			"recipe2": "craftandhunt:bee_upgraded_to_nest_boots"
		},
		{
			"type": "smithing",
			"recipe": "craftandhunt:nest_upgraded_to_hive_helmet",
			"recipe2": "craftandhunt:nest_upgraded_to_hive_chestplate"
		},
		{
			"type": "smithing",
			"recipe": "craftandhunt:nest_upgraded_to_hive_leggings",
			"recipe2": "craftandhunt:nest_upgraded_to_hive_boots"
		}
	]
}