{
	"name": "甲壳类升级",
	"category": "upgrades",
	"icon": "craftandhunt:textures/item/crab_shell.png",
	"pages": [
		{
			"type": "spotlight",
			"item": "minecraft:nautilus_shell",
			"text": "甲壳类装备具有独特的属性，可以在潜行时获得抗性提升。这些盔甲由于其防御装备的性质而提供击退抗性。虽然所有的盔甲都可以直接制造出来，但如果你花时间用下一级材料升级它们，它们的资源总消耗会更加便宜。第一级是螃蟹壳。"
		},
		{
			"type": "crafting",
			"recipe": "craftandhunt:crab_helmet",
			"recipe2": "craftandhunt:crab_chestplate"
		},
		{
			"type": "crafting",
			"recipe": "craftandhunt:crab_leggings",
			"recipe2": "craftandhunt:crab_boots"
		},
		{
			"type": "spotlight",
			"item": "minecraft:nautilus_shell",
			"text": "下一级可以用鹦鹉螺升级。"
		},
		{
			"type": "smithing",
			"recipe": "craftandhunt:crab_upgraded_to_naut_helmet",
			"recipe2": "craftandhunt:crab_upgraded_to_naut_chestplate"
		},
		{
			"type": "smithing",
			"recipe": "craftandhunt:crab_upgraded_to_naut_leggings",
			"recipe2": "craftandhunt:crab_upgraded_to_naut_boots"
		},
		{
			"type": "spotlight",
			"item": "minecraft:scute",
			"text": "甲壳类装备的最后一层是龟甲装备。这种盔甲在防御方面更胜于铁。"
		},
		{
			"type": "smithing",
			"recipe": "craftandhunt:naut_upgraded_to_turtle_helmet",
			"recipe2": "craftandhunt:naut_upgraded_to_turtle_chestplate"
		},
		{
			"type": "smithing",
			"recipe": "craftandhunt:naut_upgraded_to_turtle_leggings",
			"recipe2": "craftandhunt:naut_upgraded_to_turtle_boots"
		}
	]
}