{
    "name": "灵气探测器",
    "icon": "naturesaura:aura_detector",
    "category": "devices",
    "advancement": "naturesaura:infused_materials",
    "pages": [
        {
            "type": "text",
            "text": "在与$(#419600)灵气$()打交道时，无需亲自到达现场就能知道当地的$(#419600)灵气$()水平是很有益的。只要给$(item)灵气探测器$()接上一个$(item)比较器$()，它就会根据周围的灵气存量输出$(thing)红石$()信号。在这方面，它的显示范围类似于$(l:items/eye)环境之眼$()的显示范围。"
        },
        {
            "type": "crafting",
            "text": "制作 $(item)灵气探测器$()",
            "recipe": "naturesaura:aura_detector"
        }
    ]
}
