{
    "name": "专家型漏斗",
    "icon": "naturesaura:grated_chute",
    "category": "devices",
    "advancement": "naturesaura:infused_materials",
    "pages": [
        {
            "type": "text",
            "text": "许多时候，在和机械设备打交道的过程中，$(thing)运输物品$()总是显得十分重要，但如果最终设计出的物流整体规模太大，哪怕再重要也是让人避之不及，尤其是因为设备缺少$(thing)过滤$()能力，使得规模过大的问题雪上加霜。$(item)专家型漏斗$()可以对穿过$(item)漏斗$()的物品进行过滤，整个过程轻轻松松，毫不费力。"
        },
        {
            "type": "text",
            "text": "$(item)专家型漏斗$()工作起来和普通的$(item)漏斗$()没太大区别，除了它比普通漏斗快一点，而且能像这样过滤物品：将任意数量的$(item)物品展示框$()放在漏斗的任意一面，然后在展示框内放置物品，这样就使得$(thing)只有展示框上$()的物品能通过漏斗。过滤会影响从箱子或世界中抽取物品时和被插入物品时。$(p)应当额外注意的是，你可以将它与$(l:using/hopper_upgrade)漏斗增强装置$()结合使用，使得它只拾取符合过滤器的掉落物。"
        },
        {
            "type": "text",
            "text": "此外，潜行右键$(item)专家型漏斗$()可以$(thing)反转$()其功能：这会使得$(italic)不在$()展示框中的物品才会被它接受。这功能也使得它可以传输任何物品，只需要不放任何展示框。"
        },
        {
            "type": "crafting",
            "text": "制作$(item)专家型漏斗$()$(p)应当注意，装备$(l:items/eye)环境之眼$()时可以查看漏斗当前存储的物品数量。",
            "recipe": "naturesaura:grated_chute"
        }
    ]
}
