{
  "name": "区块加载车厢",
  "icon": "littlelogistics:chunk_loader_car",
  "category": "littlelogistics:trains",
  "pages": [
    {
      "type": "patchouli:entity",
      "entity": "littlelogistics:chunk_loader_car",
      "scale": 0.6,
      "offset": 0.5,
      "text": "该车厢会强制加载以自身为中心的3x3区块。"
    },
    {
      "type": "patchouli:crafting",
      "recipe": "littlelogistics:chunk_loader_car",
      "text": "长途路线的必备车厢。"
    }
  ]
}