{
  "name": "装卸铁轨",
  "icon": "littlelogistics:locomotive_dock_rail",
  "category": "littlelogistics:blocks",
  "pages": [
    {
      "type": "patchouli:text",
      "text": "共有两类装卸铁轨：机车装卸铁轨和车厢装卸铁轨。任何装卸站点中必须包含机车装卸铁轨，车厢装卸铁轨则在其后方依次排列。这些铁轨本身不具备物流功能，但它们会识别有无需要装卸的物品，并依此使列车停车等候。也可给予其红石信号强制停车。"
    },
    {
      "type": "patchouli:crafting",
      "title": "机车装卸铁轨",
      "recipe": "littlelogistics:locomotive_dock_rail",
      "text": "机车装卸铁轨仅能向机车中输入物品（橙色/输出模式），在铁轨旁放置漏斗以输入。必须与机车行驶方向同向。车厢装卸铁轨参见下一页。"
    },
    {
      "type": "patchouli:crafting",
      "title": "车厢装卸铁轨",
      "recipe": "littlelogistics:car_dock_rail",
      "text": "车厢装卸铁轨可对车厢输出（橙色模式）和从车厢提取（蓝色模式），潜行时右击以切换模式。在铁轨下放置漏斗以提取车厢内容物。"
    }
  ]
}
