{
  "name": "电力机车",
  "icon": "littlelogistics:energy_locomotive",
  "category": "littlelogistics:trains",
  "pages": [
    {
      "type": "patchouli:entity",
      "entity": "littlelogistics:energy_locomotive",
      "scale": 0.4,
      "offset": 0.5,
      "text": "使用FE供能的机车，可在装卸铁轨停车时用$(l:vessel_charger)载具充能器$()充能。"
    },
    {
      "type": "patchouli:crafting",
      "recipe": "littlelogistics:energy_locomotive",
      "text": "这类机车有放置电容器的额外槽位，可有效防止行驶中途能量不足的情况出现。"
    }
  ]
}