{
  "name": "列车路线配置器",
  "icon": "littlelogistics:locomotive_route",
  "category": "littlelogistics:items",
  "pages": [
    {
      "type": "patchouli:crafting",
      "recipe": "littlelogistics:locomotive_route",
      "text": "该物品存储列车所需到访的目的地和路径点。列车总会向当前循环中还未到访的最近节点行驶。需与$(l:auto_switch_rails)自动转辙铁轨$()配合使用。"
    },
    {
      "type": "patchouli:text",
      "text": "对铁路右击以将该位置加入/移出路线。与其他配置器合成以复制路线。"
    }
  ]
}