{
  "name": "蒸汽机车",
  "icon": "littlelogistics:steam_locomotive",
  "category": "littlelogistics:trains",
  "pages": [
    {
      "type": "patchouli:entity",
      "entity": "littlelogistics:steam_locomotive",
      "scale": 0.4,
      "offset": 0.5,
      "text": "接受任何熔炉燃料的基础机车。"
    },
    {
      "type": "patchouli:crafting",
      "recipe": "littlelogistics:steam_locomotive",
      "text": "可在装卸铁轨上用漏斗输入燃料。"
    }
  ]
}