{
  "name": "蜂蜜酒指南",
  "icon": "growthcraft_cellar:barrel_ferment_oak",
  "category": "apiary",
  "sortnum": 2,
  "pages": [
    {
      "type": "text",
      "text": "在世界各地，蜂蜜一直是一种有着多种益处的灵丹妙药。$(br2)我们的酿酒大师一直在努力工作，完善了蜂蜜酒的配方，并分享给你。"
    },
    {
      "type": "text",
      "text": "首先，你需要在水果压榨机中放入四个满蜜蜂巢来生产出一桶蜂蜜，这个过程不需要太长时间就能完成。$(br2)接下来，把你的一桶蜂蜜和四个贝酵母放入发酵桶中。在酵母发酵完蜂蜜后，就可以用玻璃瓶或者葡萄酒瓶从桶中取出新鲜的蜂蜜酒。"
    }
  ]
}