{
  "name": "物流卡暂存器",
  "icon": "laserio:card_holder",
  "sortnum": 2,
  "category": "laserio:items",
  "pages": [
    {
      "type": "patchouli:text",
      "text": "物流卡暂存器能摧枯拉朽地解决所有物品栏被填满的问题！好吧，至少能很好解决本模组的这类问题\u22EF\u22EF合成物流卡暂存器并手持右击打开其界面。本界面内物流卡最大堆叠数为64，但仅有NBT一致的堆叠。（提示：可将物流卡合成为自身来重设NBT）"
    },
    {
      "type": "patchouli:text",
      "text": "暂存器内可直接编辑物流卡配置\u2E3A右击物流卡即可（和节点内操作一致）。$(br2)注释：若某物流卡的堆叠大小大于1，过滤器槽和超频器槽会被禁用以防物品复制。#BlameSoaryn"
    },
    {
      "type": "patchouli:text",
      "text": "潜行时手持暂存器右击，会自动将玩家物品栏内的物流卡装至其中！自动吸取功能打开后，暂存器会发出紫色光效，就好像被附魔了一样。再次潜行右击以关闭该功能。在打开节点界面时，若物品栏内有暂存器，则暂存器中的物流卡也会一并显示。"
    },
    {
      "type": "patchouli:crafting",
      "title": "物流卡暂存器",
      "recipe": "laserio:card_holder"
    }
  ]
}