{
  "name": "流体卡",
  "sortnum": 2,
  "category": "laserio:cards",
  "icon": "laserio:card_fluid",
  "pages": [
    {
      "type": "patchouli:text",
      "text": "流体卡用于在不同存储空间之间传输流体，如储罐。$(br2)超频器相关数值详见下页。"
    },
    {
      "type": "patchouli:text",
      "text": "mB/tick数值（最大值）与超频器数量关系：$(br2)$(li)0 超频器：1,000 mB / 20t$(li)1 超频器：2,000 mB / 15t$(li)2 超频器：4,000 mB / 10t$(li)3 超频器：6,000 mB /  5t$(li)4 超频器：8,000 mB /  1t"
    },
    {
      "type": "patchouli:crafting",
      "title": "流体卡",
      "recipe": "laserio:card_fluid"
    }
  ]
}