{
  "name": "频道",
  "sortnum": 4,
  "category": "laserio:mechanics",
  "icon": "laserio:textures/gui/buttons/blankbutton.png",
  "pages": [
    {
      "type": "patchouli:text",
      "text": "物流卡仅能与同频道的其他卡交互。这使得玩家能在同一网络上构建不同的路由逻辑。$(br2)例如，在“橙色”频道的提取模式物流卡只会尝试输出至同为“橙色”频道的存入模式物流卡，并忽略所有其他物流卡。"
    },
    {
      "type": "patchouli:text",
      "text": "例如，设置一张橙色频道过滤圆石的提取卡和一张黑色频道过滤煤炭的提取卡，并放入同一节点。$(br2)将一张橙色频道存入卡连至熔炉上方，一张黑色频道存入卡连入其下方。这能确保只有圆石才能进入熔炉上方，煤炭进入熔炉下方。"
    }
  ]
}