{
  "name": "基础机制",
  "icon": "laserio:logic_chip",
  "sortnum": 0,
  "category": "laserio:filters",
  "pages": [
    {
      "type": "patchouli:text",
      "text": "手持过滤器右击打开其界面，也可通过在物流卡界面内右击过滤器打开。$(br2)过滤器使你能限制什么物品能被存入，提取或存储。$(br2)1. 允许和阻止$(br)2. 匹配NBT$(br)3. 过滤槽"
    },
    {
      "type": "patchouli:image",
      "title": "过滤器界面",
      "images": [
        "laserio:textures/book/entries/filter_basic.png"
      ],
      "border": true,
      "text": "基础过滤器界面"
    },
    {
      "type": "patchouli:text",
      "text": "允许和阻止$(br2)允许模式下，过滤槽内的物品被允许通过。也即存入卡会接受圆石，提取卡会提取圆石。$(br2)阻止模式则全部反过来。"
    },
    {
      "type": "patchouli:text",
      "text": "匹配NBT$(br2)启用匹配NBT时，物品的NBT标签也纳入过滤器过滤考察范围内。例如，剑会将其耐久损耗存为NBT。启用匹配NBT时，满耐久值的钻石剑和有损耗的钻石剑被视为不同的物品，附魔的和未附魔的亦然。$(br2)禁用匹配NBT时，所有钻石剑都被视为同一物品，无论其状态如何。"
    }
  ]
}