{
  "name": "标签过滤器",
  "sortnum": 2,
  "category": "laserio:filters",
  "icon": "laserio:filter_tag",
  "pages": [
    {
      "type": "patchouli:text",
      "text": "标签过滤器使玩家能根据对应资源的标签进行过滤。$(br2)标签是Minecraft用于将各种资源分类的一种方式。例如，在右侧可见铁锭有标签“forge:ingots”。金锭、铜锭、锌锭等等也都有这个标签。$(br2)标签过滤器使你能将所有的锭直接过滤至同一存储空间！"
    },
    {
      "type": "patchouli:image",
      "title": "标签过滤器界面",
      "images": [
        "laserio:textures/book/entries/filter_tag.png"
      ],
      "border": true,
      "text": "标签过滤器界面"
    },
    {
      "type": "patchouli:text",
      "text": "首先，在右上角的槽位中放入一个物品。该物品的所有标签会以$(#0000ff)蓝色$()列表显示出来。点击想要过滤的标签并按下“+”按钮。按住Shift再按“+”按钮能把所有标签全部加入过滤列表。$(br2)移除某过滤标签则需选中该标签并按“-”按钮。$(br2)也可以按住Shift左击加入或移出过滤范围。"
    },
    {
      "type": "patchouli:text",
      "text": "“X”按钮会清空整个列表。$(br2)该列表是“或”列表，也即只要有一个标签符合，该物品就能通过过滤。$(br2)标签过滤器不支持匹配NBT，因为没有必要。"
    }
  ]
}