{
  "name": "模式",
  "sortnum": 1,
  "category": "laserio:mechanics",
  "icon": "laserio:textures/gui/buttons/modestocker.png",
  "pages": [
    {
      "type": "patchouli:text",
      "text": "物流卡的模式决定该卡如何运行。后几页会介绍已有的几种模式。$(br2)大部分（物品/流体/能量）物流卡有后述三种模式。后续示例均使用物品卡。$(br2)红石卡的模式与其余物流卡不同。"
    },
    {
      "type": "patchouli:spotlight",
      "item": "laserio:card_item{channel:0b,exact:0b,inv:{Items:𬬻,Size:2},itemextractamt:1b,itemextractspeed:20,mode:0b,priority:0s,regulate:0b,roundRobin:0,sneaky:-1b}",
      "text": "存入模式物流卡是提取模式物流卡所提出物品、流体、能量的输出口。$(br2)存储模式物流卡则会尝试从此处提出物品、流体和能量。"
    },
    {
      "type": "patchouli:spotlight",
      "item": "laserio:card_item{channel:0b,exact:0b,inv:{Items:𬬻,Size:2},itemextractamt:1b,itemextractspeed:20,mode:1b,priority:0s,regulate:0b,roundRobin:0,sneaky:-1b}",
      "text": "提取模式物流卡会尝试从其毗邻方块中提取物品、流体和能量。在此例中，物品会从毗邻的箱子中被提出并传输至某张存入模式物流卡。"
    },
    {
      "type": "patchouli:spotlight",
      "item": "laserio:card_item{channel:0b,exact:0b,inv:{Items:𬬻,Size:2},itemextractamt:1b,itemextractspeed:20,mode:2b,priority:0s,regulate:0b,roundRobin:0,sneaky:-1b}",
      "text": "存储模式物流卡会尝试搜寻其过滤器槽内设定的物品和流体，并将其从同网络中的其他存入模式物流卡处提出。$(br2)存储模式物流卡需要设为允许的过滤器才能运行。"
    }
  ]
}