{
  "name": "物流卡超频器",
  "icon": "laserio:overclocker_card",
  "sortnum": 2,
  "category": "laserio:items",
  "pages": [
    {
      "type": "patchouli:text",
      "text": "物流卡超频器可使单张物流卡运行速度更快。$(br2)例如，物品卡仅能每20刻（1秒）提取最多8个物品，但装入4个超频器就能达到每刻64个物品的传输速度！!$(br2)详细数值参见物流卡章节。"
    },
    {
      "type": "patchouli:crafting",
      "title": "物流卡超频器",
      "recipe": "laserio:overclocker_card"
    }
  ]
}