{
  "name": "污泥精炼机",
  "icon": "industrialforegoing:sludge_refiner",
  "category": "resource_production",
  "sortnum": 10,
  "read_by_default": true,
  "pages": [
    {
      "type": "text",
      "text": "一台将$(6)污泥$()转化为其它更有用的东西的机器。$(br2)给它提供$(6)污泥$()，它就会产出$(6)其它东西$()，污泥可以通过$(l:agr_hus/plant_gatherer)收割机$()获得。$(br)这个过程需要消耗$(6)1000$()RF/t，因此确保有一些能量存储。"
    },
    {
      "type": "crafting",
      "recipe": "industrialforegoing:sludge_refiner"
    }
  ]
}