{
  "name": "仪式入门",
  "icon": "occultism:textures/gui/book/robe.png",
  "category": "occultism:rituals",
  "sortnum": 1,
  "pages": [
    {
      "type": "text",
      "text": "仪式能将魔灵召唤进我们的存在位面，或者将其束缚进物体或生物之中。每个仪式的组成都有以下几部分：一个$(thing)五芒星$()、通过献祭之碗提供的$(thing)材料$()、一个$(thing)启动物品$()以及部分仪式才有的需要的生物$(thing)祭品$()。$(br2)如果仪式启动成功并正在运作，则会出现紫色粒子效果。"},
    {
      "type": "text",
      "title": "进行仪式",
      "text": "仪式总是按照以下步骤进行：$(br)$(li)画出五芒星。$(li)放下黄金献祭之碗。$(li)放下献祭之碗。$(li)在碗中放入仪式所需材料。$(li)使用启动物品右击黄金碗。$(li)$(italic)可选：在靠近五芒星中心的位置进行献祭。$()$(br2)"},
    {
      "type": "text",
      "title": "额外需求",
      "text": "如果仪式在黄金献祭之碗的上方出现了灰色粒子，则说明仪式页面中提到的额外需求未被满足。一旦满足了仪式的所有要求，仪式会显现紫色粒子并开始消耗献祭之碗中的物品。"
    },
    {
      "type": "empty",
      "draw_filler": false
    }
  ]
}
