{
  "name": "狂猎",
  "icon": "occultism:textures/gui/book/wild_hunt.png",
  "category": "occultism:spirits",
  "sortnum": 6,
  "pages": [
    {
      "type": "text",
      "text": "一组传奇高等魔灵，通常以凋灵骷髅的形态出现，带着它们以骷髅显形的喽啰。高等魔灵与其喽啰的连结方式比较特殊，使得它们在喽啰都被送回$(thing)异世界$()前无法被伤害。虽然召唤狂猎极其危险，但一些魔法师为了快速获取"},
    {
      "type": "text",
      "text": "它们掉落的凋灵骷髅头颅，还是选择铤而走险。召唤狂猎的方法在讲解如何获得$(l:rituals/summoning/wither_skull)凋灵骷髅头颅$(/l)的页面中有详细描述。"
    }
  ]
}
