{
    "name": "晶化提取器",
    "icon": "naturesstarlight:crystal_generator",
    "category": "creating",
    "advancement": "naturesaura:infused_materials",
    "pages": [
        {
            "type": "text",
            "text": "几个世纪以来，魔法植物学家不由自主地在世界上发现了许多额外的魔法行为和物质。其中他们发现了$(item)天辉水晶石$()。"
        },
        {
            "type": "text",
            "text": "晶体$(thing)生长$()时释放出的潜在$(thing)魔法能量$()尤为重要。使用$(item)晶化提取器$()可以捕获这种能量并将其转化为数量惊人的$(aura-zh-cn)。你所要做的就是将它放在足够靠近具有生长能力的晶体并等待它生长的地方。"
        },
        {
            "type": "crafting",
            "recipe": "naturesstarlight:crystal_generator",
            "text": "制作$(item)晶化提取器$()"
        }
    ]
}