{
  "name": "效果",
  "icon": "sushigocrafting:avocado_slices",
  "category": "getting_started",
  "sortnum": 0,
  "read_by_default": false,
  "pages": [
    {
      "type": "text",
      "text": "使用不同种类的原材料，制作的寿司能使你获得不同的效果，这些效果对你有利。"
    },
    {
      "type": "spotlight",
      "item": "sushigocrafting:salmon_fillet",
      "title": "小口品尝",
      "text": "拥有此效果时，食用食物有几率不产生消耗。"
    },
    {
      "type": "spotlight",
      "item": "sushigocrafting:tuna_fillet",
      "title": "嗜好",
      "text": "拥有此效果时，食用食物有几率给予额外的食物效果（例如饥饿值）。"
    },
    {
      "type": "spotlight",
      "item": "sushigocrafting:shrimp",
      "title": "坚定的手",
      "text": "拥有此效果时，使用砧板制作的原材料拥有额外的重量。"
    }
  ]
}