{
  "name": "地岩碎裂系列",
  "icon": "thermal:earth_tnt",
  "read_by_default": true,
  "flag": "mod:thermal_innovation",
  "category": "thermal:explosives",

  "pages": [
    {
      "type": "text",
      "text": "地岩碎裂系列的爆炸物会使爆炸范围内的所有石质与土质方块被完整地炸落，并对所波及的生物施加$(l:thermal:world/mobs/basalz)割裂 II$(/l) 效果，非常适用于采矿作业。方块型的炸药与物品型的可投掷炸弹分别具有 9 格及 5 格的爆炸半径。$(br2)$(o)传闻这种爆炸物曾经强大到能凿穿基岩。$()"


    },
    {
      "type": "crafting",
      "recipe": "thermal:earth_tnt",
      "recipe2": "thermal:earth_grenade_4"

    },
    {
      "flag": "&mod:thermal_innovation,mod:thermal_locomotion",
      "type": "crafting",
      "recipe": "thermal:earth_tnt_minecart",
      "title": "地岩碎裂炸药矿车"


    }
  ]

}