{
  "name": "暴雪人",
  "icon": "thermal:blizz_rod",
  "category": "thermal:mobs",
  "read_by_default": true,
  "pages": [
    {
      "type": "3_item_page",
      "title": "暴雪人",
      "item1": "thermal:blizz_rod",
      "item2": "thermal:blizz_powder",
      "item3": "thermal:blizz_spawn_egg",
      "text": "暴雪人生成于寒冷的生物群系之中，拥有 20 点生命值，近战攻击伤害为 7 点，且会发射能够造成 5 点伤害并施加“冻僵”效果的飞弹来进行远距离攻击。击杀暴雪人将有几率掉落暴雪立方，可通过合成栏或磨粉机处理得到暴雪粉。"
    },
    {
      "type": "entity",
      "entity": "thermal:blizz",
      "title": "Blizz",
      "text": "冻僵：每级减缓 30% 移动速度并削弱 3 点攻击伤害。"
    }
  ]
}