{
    "name": "元素晶体",
    "icon": "the_afterlight:bloodstone_ore",
    "category": "the_afterlight:category_3",
    "sortnum": 6,
    "advancement": "the_afterlight:delving_into_the_dark",
    "pages": [
        {
            "type": "patchouli:text",
            "text": "元素晶体是隐光之域地下的稀有物品。一共有三种类型：血石（又称阴识晶），苍翠石英（又称智慧晶）和水之晶体（又称自然晶）。每种晶体用途不同，不过有时也能合并使用，例如在重生触媒中。"
        },
        {
            "type": "patchouli:text",
            "title": "形成",
            "text": "每种晶体都只能在特定生物群系的地下深处找到。血石碎片只能在月光高地和荧光原野地下找到，水之晶体能在月光沼泽地下发现，而苍翠石英则只能在森林类生物群系地下找到。"
        },
        {
            "type": "patchouli:text",
            "title": "血石",
            "text": "血石是一种完全由晶体状的血构成的怪异元素晶体。这些血拥有着只在某些特定物品才有的魔法力量，但我不清楚其原理。血石矿石一般出现于地底深处的月板岩中。"
        },
        {
            "type": "patchouli:text",
            "title": "用途",
            "text": "血石矿石掉落充满神秘能量的血石碎片。这些碎片被用于制作一些魔法物品，例如重生触媒和元素护身符。它也能用于雕纹制作中。"
        },
        {
            "type": "patchouli:text",
            "title": "水之晶体",
            "text": "水之晶体是一种闪亮的晶体，有着标志性的暗蓝色色调。这些被怪异晶体封住的晶体状的水有多种魔法用途。水之晶体一般出现于地底深处的月板岩中。"
        },
        {
            "type": "patchouli:text",
            "title": "用途",
            "text": "水之晶体矿石掉落充满神秘能量的水之晶体。这些晶体被用于制作一些魔法物品，例如重生触媒和元素护身符。"
        },
        {
            "type": "patchouli:text",
            "title": "苍翠石英",
            "text": "苍翠石英是植物组织和晶体状的毒液融合而成的奇怪物质。毒液从何而来已不可考，但苍翠石英的魔法能量似乎来源于这些毒液。苍翠石英一般出现于地底深处的月板岩中。"
        },
        {
            "type": "patchouli:text",
            "title": "用途",
            "text": "苍翠矿石掉落充满神秘能量的苍翠石英。这些石英被用于制作一些魔法物品，例如重生触媒和元素护身符。它也能用于雕纹制作中。"
        }
    ]
}