{
    "name": "敲碎水晶",
    "icon": "the_afterlight:mundane_crushing_hammer",
    "category": "the_afterlight:category_1",
    "sortnum": 2,
    "pages": [
        {
            "type": "patchouli:text",
            "text": "首先要敲碎一部分月之水晶，不过最少要保留12份完整的水晶。可以用普通锤子敲碎月之水晶。合成表参见后一页。"
        },  
        {
            "type": "patchouli:crafting",
            "recipe": "the_afterlight:crushed_moon_crystal_recipe",
            "recipe2": "the_afterlight:mundane_hammer_recipe",
            "title": "合成表"
        } 
    ]
}