{
    "name": "雕符",
    "icon": "the_afterlight:glyph_of_power",
    "category": "the_afterlight:category_glyph",
    "sortnum": 4,
    "advancement": "the_afterlight:radiance",
    "pages": [
        {
            "type": "patchouli:text",
            "text": "雕符总共有五种。详细信息参见后几页，雕符本身的合成表参见最后一页。"
        },
        {
            "type": "patchouli:spotlight",
            "item": "the_afterlight:glyph_of_power",
            "text": "力量雕符象征着无上的力量。它被用于制造一把名为“月之剑”的利剑，这使得它成为游戏后期武器发展的重要原料。这种雕符需要光耀和血液的元素象征，也即血石碎片和两个耀月雕符。"
        },
        {
            "type": "patchouli:spotlight",
            "item": "the_afterlight:glyph_of_sickness",
            "text": "病痛雕符象征着疾病与病痛。它乍看不像是能造成大量伤害的样子，但它适用于任何能给予目标负面效果的物品，例如月之剑。这种雕符需要病痛的元素象征，也即苍翠石英和两个知识雕符。"
        },
        {
            "type": "patchouli:spotlight",
            "item": "the_afterlight:glyph_of_radiance",
            "text": "耀月雕符象征着长寿与圣光。它能达成较弱的生命窃取效果，这使得它成为月之剑的原料之一。这种雕符需要珍珠碎片和两个灵魂雕符。"
        },
        {
            "type": "patchouli:spotlight",
            "item": "the_afterlight:spectral_glyph",
            "text": "灵魂雕符象征着亡者所念与生者之魂。它能给予某一物品思绪与生命，这使得它成为月之剑的原料之一。这种雕符需要灵魂棱晶和两份月食碎片。"
        },
        {
            "type": "patchouli:spotlight",
            "item": "the_afterlight:glyph_of_knowledge",
            "text": "知识雕符象征着纯粹的知识。它是跨越知识鸿沟的捷径。这种雕符需要苍翠石英和月之水晶粉。所有雕符的合成表参见后一页。"
        },
        {
            "type": "patchouli:text",
            "title": "雕符合成表",
            "text": "所有雕符的合成表参见$(l:http://the-afterlight.fandom.com/wiki/Glyph_Altar_Recipes)隐光之域Wiki$(/l)。"
        }                      
    ]
}