{
  "name": "潜泳套装",
  "icon": "thermal:diving_chestplate",
  "category": "thermal:armor",
  "read_by_default": true,
  "flag": "mod:thermal_innovation",

  "pages": [
    {
      "type": "text",
      "text": "集游泳速度提升、氧气持久提升与水下速掘于一体的潜泳套装助你轻松探索深暗水域！"
    },
    {
      "type": "crafting",
      "recipe": "thermal:diving_fabric",
      "text": "潜泳套装的主要用料。"

    },
    {
      "type": "crafting",
      "recipe": "thermal:armor/diving_helmet",
      "recipe2": "thermal:armor/diving_chestplate"

    },
    {
      "type": "crafting",
      "recipe": "thermal:armor/diving_leggings",
      "recipe2": "thermal:armor/diving_boots"
    }
  ]
}