{
    "title": "能力强化",
    "text": [{
            "text": "能力是一种非常强大的工具强化，它甚至可以彻底改变一个工具。诸如精准采集和自动烧炼这样的能力非常瞩目，它们彻底改变了采掘矿物的效果，而双持能力则让工具更便于使用。"
        },
        {
            "text": "能力需要加持进能力槽中。几乎所有的工具初始都会携带一个能力槽，且最多只能加持一个能力，所以最好在选择能力时明智一些。",
            "paragraph": true
        },
        {
            "text": "Thruul M'Gon所著的《大师熔炼术》有着一整 套可用于工具的能力强化列表，《工匠大百 科》也有介绍。",
            "paragraph": true
        }
    ]
}