  {
      "title": "升级强化",
      "text": [{
              "text": "升级是对工具的标准改进。它们通常是通过使用某个物品并“磨去”它的一些特有品质来做到的，比如红石可以让工具有更快的速度。"
          },
          {
              "text": "升级需要使用升级槽。大多数工具初始拥有3到4个升级槽，可以通过其他强化可以获得更多的升级槽。",
              "paragraph": true
          },
          {
              "text": "Thruul M'Gon所著的《入门熔炼术》有着一整 套可用于工具的升级列表，《工匠大百科》 也有介绍。",
              "paragraph": true
          }
      ]
  }