{
  "modifier_id": "tconstruct:netherite",
  "text": [
    {
      "text": "工具耐久度+20%，攻击力+10%，采掘速度+10%，击退抗性+5%，盔甲韧性+1，工具的采掘等级提升至下界合金，并且工具在掉落物状态下无敌。"
    },
    {
      "text": "工具和盔甲只会获得适用于自身的数值加成。",
      "paragraph": true
    }
  ],
  "more_text_space": true,
  "effects": [
    "单个等级",
    "需要“钻石”或“绿宝石”强化作为前置",
    "需要1个升级槽"
  ]
}
