{
  "name": "蜂箱漏斗",
  "icon": "thermal:device_hive_extractor",
  "category": "thermal:devices",
  "read_by_default": true,
  "flag": "mod:thermal_cultivation",
  "pages": [
    {
      "type": "text",
      "text": "蜂箱漏斗可自动抽取顶部蜂箱中的蜜脾和蜂蜜流体。"
    },
    {
      "type": "crafting",
      "recipe": "thermal:device_hive_extractor",
      "title": "蜂箱漏斗"
    },
    {
      "type": "text",
      "title": "兼容增强",
      "text": "$(li)$(l:thermal:technology/augments/integral_components)整合组件$(/l)$(li)$(l:thermal:technology/augments/item_filter)物品过滤规制$(/l)$(li)$(l:thermal:technology/augments/fluid_tank)液槽扩容升级$(/l)"
    }
  ]
}