{
  "name": "树汁提取器",
  "icon": "thermal:device_tree_extractor",
  "category": "thermal:devices",
  "read_by_default": true,
  "flag": "|mod:thermal_expansion,mod:thermal_cultivation",
  "pages": [
    {
      "type": "text",
      "text": "树汁提取器是一种可从紧旁的树木中提取流体的设备，可通过消耗化肥来提升产出率：一份骨粉能在 8 个处理循环中实现 1.5 倍增产，而$(l:thermal:world/plants/phytogro)植育一号$(/l)则可在 16 个处理循环中达到 2 倍增产。不同的树种产出的流体也不同，具体配方可在 JEI 中进行查询。"
    },
    {
      "type": "crafting",
      "recipe": "thermal:device_tree_extractor",
      "title": "树汁提取器"
    },
    {
      "type": "text",
      "title": "兼容增强",
      "text": "$(li)$(l:thermal:technology/augments/integral_components)整合组件$(/l)$(li)$(l:thermal:technology/augments/fluid_tank)液槽扩容升级$(/l)"
    }
  ]
}