{
  "name": "拖船航线配置器",
  "icon": "littlelogistics:tug_route",
  "category": "littlelogistics:items",
  "pages": [
    {
      "type": "patchouli:crafting",
      "recipe": "littlelogistics:tug_route",
      "text": "该物品存储拖船的航线。在装有该物品时，拖船会沿其储存的航线从0号节点开始依次到访各个节点。"
    },
    {
      "type": "patchouli:text",
      "text": "在任意位置右击以将该位置加到航线末尾（不可插入航线中间）。在任意节点处右击以移除该节点。主手持有该物品时，所有节点处均会发出标识光柱。"
    }
  ]
}