{
    "title": "特性",
    "text": [
        { "text": "• 前期的熔炼方式" },
        { "text": "\n• 每个矿石熔化时多给予3粒量的熔融矿物" },
        { "text": "\n• 可把加热器换为燃料储罐以提升其熔炼温度\n" },
        { "text": "\n• 容纳最多9锭量流体" },
        { "text": "\n• 同时熔炼3个物品" },
        { "text": "\n• 很省燃料" },
        { "text": "\n• 熔炼猪灵掉落物（如金剑、金盔甲）的理想\n设备" }
    ]
}