{
  "name": "神灯",
  "icon": "occultism:magic_lamp_empty",
  "category": "occultism:misc",
  "sortnum": 30,
  "pages": [
    {
      "type": "spotlight",
      "item": "occultism:magic_lamp_empty",
      "text": "神灯能将魔灵禁锢在我们的世界，同时防止其灵髓衰退。与召唤之书不同，魔灵不会返回$(thing)异世界$()，因而适用于需要魔灵主动工作，但又想保留一定控制的情况。"
    },
    {
      "type": "empty",
      "draw_filler": false
    }
  ]
}
