{
  "name": "通量磁铁",
  "icon": "thermal:flux_magnet",
  "read_by_default": true,
  "flag": "mod:thermal_innovation",
  "category": "thermal:tools",

  "pages": [
    {
      "type": "text",
      "text": "通量磁铁能够在 RF 能量的驱动下手动将散落在地面的物品吸入玩家的物品栏中。点按 '$(k:cofh.mode_change_increment)' 键来开关自动磁吸功能，开启时，掉落物将被磁铁自动吸入物品栏而无需手动右击。在工匠工作台中可对其进行充能与增强。"
    },
    {
      "type": "crafting",
      "recipe": "thermal:flux_magnet",
      "title": "通量磁铁",
      "text": "$(l:thermal:world/holding)扩容$(/l)附魔可用以提升其能量存储上限。"
    },
    {
      "type": "text",
      "title": "兼容增强",
      "text": "$(li)$(l:thermal:technology/augments/integral_components)整合组件$(/l)$(li)$(l:thermal:technology/augments/item_filter)物品过滤规制$(/l)$(li)$(l:thermal:technology/augments/rf_coil)扩展通量线圈$(/l)$(li)$(l:thermal:technology/augments/rf_coil_storage)稳态通量线圈$(/l)$(li)$(l:thermal:technology/augments/rf_coil_xfer)强导通量线圈$(/l)$(li)$(l:thermal:technology/augments/area_radius)径向范围拓展$(/l)"
    }
  ]
}