{
    "name": "潜影之眼",
    "icon": "naturesaura:end_city_finder",
    "category": "items",
    "advancement": "naturesaura:aura_bottle_end",
    "pages": [
        {
            "type": "text",
            "text": "在意识到$(item)末影之眼$()和$(l:items/fortress_finder)烈焰之眼$()的能力后，魔法植物学家可以构造第三种这类寻找结构的眼，完成维度探索的序列。$(item)潜影之眼$()和它的主世界和下界对应物类似，在被抛出时能定位最近的$(thing)末地城$()。"
        },
        {
            "type": "crafting",
            "text": "制作$(item)潜影之眼$()",
            "recipe": "naturesaura:end_city_finder"
        }
    ]
}
