{
    "name": "末影目镜",
    "icon": "naturesaura:ender_access",
    "category": "items",
    "advancement": "naturesaura:aura_bottle_end",
    "pages": [
        {
            "type": "text",
            "text": "$(item)末影目镜$()，简单来说，是一种手持版本的$(l:using/ender_crate)末影板条箱$()。在用同样的方式给予$(thing)末影名$()后，手持目镜进行交互会当场打开存储。在使用的过程中，需要从$(l:items/aura_cache)灵气缓存$()抽取一些$(#419600)灵气$()。"
        },
        {
            "type": "crafting",
            "text": "制作$(item)末影目镜$()",
            "recipe": "naturesaura:ender_access"
        }
    ]
}
