{
    "name": "植物学家的工具",
    "icon": "naturesaura:infused_iron_pickaxe",
    "category": "items",
    "advancement": "naturesaura:infused_materials",
    "pages": [
        {
            "type": "text",
            "text": "运用$(l:using/altar)灌注铁$()的内部力量，产出的工具不但有和基础材料$(item)铁$()相似的特性，还会带有预料之外的额外特性。$(br)接下来的页面会展示如何制作这些工具，还有如何运用它们的特殊特性。"
        },
        {
            "type": "text",
            "text": "在此之上，如果你还持有着一个$(l:items/aura_cache)灵气缓存$()，这些工具还能使用其中存储的$(#419600)灵气$()来恢复自身的耐久，使得寿命显著延长。要进行耐久恢复，你只需简单地静止不动并潜行，你手里的工具耐久就会缓慢增长。"
        },
        {
            "type": "crafting",
            "text": "$(item)植物学家之镐$()，当与一个方块交互时，会将其变成自身的$(thing)青苔$()变体，如果有的话。",
            "recipe": "naturesaura:infused_pickaxe"
        },
        {
            "type": "crafting",
            "text": "$(item)植物学家之斧$()在移除$(thing)树叶$()方面做得相当好，速度比常规工具快得多。",
            "recipe": "naturesaura:infused_axe"
        },
        {
            "type": "crafting",
            "text": "$(item)植物学家之锹$()能通过简单的交互让$(thing)草$()长在未耕土上，也能在草里造出宽广的$(thing)草径$()。",
            "recipe": "naturesaura:infused_shovel"
        },
        {
            "type": "crafting",
            "text": "$(item)植物学家之锄$()能帮助农夫获得不同种类的$(thing)种子$()，只需要用老办法：将锄用在草或泥上。",
            "recipe": "naturesaura:infused_hoe"
        }, {
            "type": "crafting",
            "text": "$(item)植物学家之剑$()是对付怪物的好方式：它会使得被击中的任何生物$(thing)慢下来$()几秒，让它们成为更容易瞄准的目标。",
            "recipe": "naturesaura:infused_sword"
        }
    ]
}
