{
    "name": "狂怒护身符",
    "icon": "naturesaura:shockwave_creator",
    "category": "items",
    "advancement": "naturesaura:tainted_gold",
    "pages": [
        {
            "type": "text",
            "text": "$(item)狂怒护身符$()只需要放在物品栏的任意位置，就能使穿戴者集中他们的力量。然后，当穿戴者在恰当的地方$(thing)潜行$()并$(thing)跳跃$()，就能以足够强的力量践踏地面，创造出伤害附近生物的$(item)冲击波$()。$(br)当然，这种能力会消耗一些$(l:items/aura_cache)灵气缓存$()中存储的$(#419600)灵气$()。"
        },
        {
            "type": "crafting",
            "text": "制作$(item)狂怒护身符$()",
            "recipe": "naturesaura:shockwave_creator"
        }
    ]
}
