{
  "name": "巴迪钢护甲",
  "icon": "buddycards:buddysteel_chestplate",
  "category": "buddycards:buddysteel",
  "sortnum": 1,
  "pages": [
    {
      "type": "text",
      "text": "巴迪钢护甲不同于游戏中的其它护甲。 如果你没有完成任何卡组的收集，它与锁链护甲的强度相同，但是你一旦完成了所有卡组的收集，它甚至会变的比下界合金护甲还要强力。"
    },
    {
      "type": "crafting",
      "recipe": "buddycards:buddysteel_helmet",
      "recipe2" : "buddycards:buddysteel_chestplate"
    },
    {
      "type": "crafting",
      "recipe": "buddycards:buddysteel_leggings",
      "recipe2" : "buddycards:buddysteel_boots"
    },
    {
      "type": "relations",
      "title": "魔咒",
      "entries": [
        "buddycards:enchantments/buddy_binding"
      ],
      "text": "由于巴迪钢是由卡牌变化而成，巴迪钢护甲可以附魔上巴迪绑定，也可以附上原版护甲的附魔。"
    }
  ]
}