{
  "name": "完美巴迪钢装备",
  "icon": "buddycards:perfect_buddysteel_sword",
  "category": "buddycards:buddysteel",
  "sortnum": 7,
  "pages": [
    {
      "type": "text",
      "title": "完美巴迪钢装备",
      "text": "完美巴迪钢装备是巴迪钢装备的强力版本。它的升级速度与普通巴迪钢装备相同，但总是高出一个等级，这意味着无论是初始强度还是最终强度它都更加强力。它由巴迪装备在锻造台使用一个完美巴迪钢锭制成。"
    },
    {
      "type": "relations",
      "title": "魔咒",
      "entries": [
        "buddycards:enchantments/buddy_binding"
      ],
      "text": "由于完美巴迪钢是由卡牌变化而成，完美巴迪钢护甲可以附魔上巴迪绑定，也可以附上原版护甲的附魔。"
    }
  ]
}