{
  "name": "完美巴迪钢",
  "icon": "buddycards:perfect_buddysteel_ingot",
  "category": "buddycards:buddysteel",
  "sortnum": 6,
  "pages": [
    {
      "type": "text",
      "text": "巴迪卡牌赋予了巴迪钢特殊的属性，因此通过使用紫砺、流光材料可以进一步增强巴迪钢，增强它与你收集卡牌的联系。这是非常值得的，因为一旦你完成卡牌收集，完美巴迪钢发挥的力量将远超巴迪钢。"
    },
    {
      "type": "crafting",
      "title": "完美巴迪钢粉",
      "recipe": "buddycards:perfect_buddysteel_blend",
      "text": "要制作完美巴迪钢，你首先得制作完美巴迪钢粉。这需要一点巴迪钢，紫砺和流光，再多一个它们的块。"
    },
    {
      "type": "smelting",
      "title": "完美巴迪钢锭",
      "recipe": "buddycards:perfect_buddysteel_ingot",
      "text": "要锻造完美巴迪钢锭，完美巴迪钢粉必须经过相对更长时间的熔炼。如果你打算大量生产，建议多放几个熔炉。"
    },
    {
      "type": "crafting",
      "title": "完美巴迪钢压缩",
      "recipe": "buddycards:perfect_buddysteel_nugget",
      "recipe2": "buddycards:perfect_buddysteel_block"
    }
  ]
}