{
  "name": "首个仪式",
  "icon": "occultism:textures/gui/book/summoning.png",
  "category": "occultism:getting_started",
  "sortnum": 4,
  "pages": [
    {
      "type": "text",
      "text": "在你的第一个仪式中，你需要召唤一只被称为$(thing)碎矿者$()的魔灵，这种魔灵能将矿石转换成矿物粉末，有效地让最终产出翻倍。你将需要准备献祭之碗、仪式粉笔，合成一本绑定之书，画出你的第一个五芒星，最后召唤出魔灵。"},
    {
      "type": "spotlight",
      "item": "occultism:chalk_white",
      "text": "第一步，在熔炉中烧炼异界石，并且在$(thing)灵火$()中灼烧异界原木，然后将灼烧产生的灰烬合成为含杂白色粉笔，最后将含杂粉笔投入$(thing)灵火$()中进行二次净化。净化后的粉笔可用于画出组成五芒星的仪式符文。可选的五芒星可以在对应章节中找到。"
    },
    {
      "type": "text",
      "text": "符文的形状并不重要，其颜色才是仪式的关键。如果你出于装饰目的想改变符文形状，可以用粉笔反复右击符文来进行切换，此过程不消耗耐久。要了解更多关于粉笔的信息，请参阅$(l:pentacles/chalks)粉笔类型$(/l)一节。"
    },
    {
      "type": "crafting",
      "recipe": "occultism:crafting/brush",
      "text": "这个粉笔擦能轻松地去除地上的粉笔符文。"
    },
    {
      "type": "spotlight",
      "item": "occultism:candle_white",
      "text": "蜡烛为仪式提供了稳定性，因此是几乎所有五芒星的重要组成部分。制作蜡烛需要使用油脂，这些油脂可以通过使用屠刀击杀猪牛羊等大型动物获得。$(bold)进行附魔时，蜡烛也能充当书架的作用。$()"
    },
    {
      "type": "spotlight",
      "item": "occultism:golden_sacrificial_bowl",
      "text": "将异界石打造成碗的形状能制作出献祭之碗。这种碗用于仪式中的物品献祭，一次仪式中一般不会需要太多。然后，用金锭围住这种碗合成出黄金献祭之碗。"
    },
    {
      "type": "text",
      "text": "这个特殊的献祭之碗用于激活仪式，方法为手持激活物品（通常为绑定之书）右击它。如果一切就位，仪式就会开始。"
    },
    {
      "type": "spotlight",
      "item": "occultism:purified_ink",
      "text": "要合成用于召唤魔灵的绑定之书，你需要纯净墨水。只需将黑色染料扔进$(thing)灵火$()就能净化出纯净墨水。"
    },
    {
      "type": "crafting",
      "recipe": "occultism:crafting/book_of_binding_foliot",
      "text": "合成用来唤起魔精的绑定之书。"
    },
    {
      "type": "crafting",
      "recipe": "occultism:crafting/book_of_binding_bound_foliot",
      "text": "将绑定之书与本指南合成就能在书中添加魔灵的名字。本书不会被消耗。"
    },
    {
      "type": "text",
      "title": "仪式",
      "text": "各仪式的描述与步骤都位于$(l:rituals/summoning/summon_crusher)仪式章节$(/l)中，但接下来几页也能指引耐心的读者一步步完成仪式。$(br2)在仪式的开始步骤中，我们先放下黄金献祭之碗并画出恰当的五芒星：$(l:pentacles/summon_foliot)阿维亚之环$(/l)。$(br2)接下来，在五芒星附近放置四个献祭之碗。"},
    {
      "_comment": "exact duplicate of this is in pentacles/overview.json",
      "type": "image",
      "border": "true",
      "images": [
        "occultism:textures/gui/book/bowl_placement.png"
      ]
    },
    {
      "type": "text",
      "text": "$(thing)献祭之碗$()必须放在中央$(thing)黄金献祭之碗$() 8 格内的$(bold)任何地方$()。具体位置并不重要。$(br2)现在，是时候将下一页展示的原料放在这些不带金色的献祭之碗里。"
    },
    {
      "type": "occultism:ritual",
      "recipe": "occultism:ritual/summon_foliot_crusher"
    },
    {
      "type": "text",
      "text": "最后一步，使用你制作的$(bold)绑定$()之书右击黄金献祭之碗并等待碎矿者出现。$(br)剩下的就是把合适的矿石扔到碎矿者旁边，并等待它把矿石变成粉末。"
    }
  ]
}
