{
    "title": "存储箱",
    "text": [{
            "text": "所以，你想把多余的部件放在一个专门的箱子里，是这样吗？不是这样啊⋯⋯虽然不建议，不过也是你的选择吧。"
        },
        {
            "text": "部件箱可以储存大量额外的部件。每个槽位最多可容纳8个部件。什么？这些还远远不够？要么是你搞错了什么，要么是你做的东西太复杂了。",
            "paragraph": true
        },
        {
            "text": "箱子太小了？来试试工匠箱吧！它总共有64个槽位，并且可以存储任何东西，不过每个槽位却只能存储16个物品。",
            "paragraph": true
        }
    ]
}