{
    "title": "工匠站",
    "text": [{
            "text": "宏伟的工匠之旅的第一步，就是要打造你的第一把工具。刚开始时做的工具可能不是最好的，但这毕竟是你自己的杰作，你应当以它为傲。"
        },
        {
            "text": "在拿到制作工具所需的所有部件之后，就可以着手制作了！要做出工具，首先你要做一个工匠站，接着选择你要制作的工具，然后放手去做吧！",
            "paragraph": true
        },
        {
            "text": "你也可以在工匠站上为工具添加强化。基础的工匠站只有三个槽位供你组合部件，也就是说你没办法制作宽型工具。其他的工匠大师倒是知晓如何使用四五个部件制作工具。",
            "paragraph": true
        }
    ]
}