{
    "title": "材料与你",
    "text": [{
            "text": "欢迎阅读第三版《材料与你：熬过首日后》。看起来我的匠魂知识丢失了一部分，不过随着版本更新，我没准能想起来更多内容。"
        },
        {
            "text": "截至目前，这本书仍未完成，不过已经更新的内容都有收录。随着本模组更新，本书也会更新并添加更多内容！",
            "paragraph": true
        },
        {
            "text": "如果你想知道最新版本有什么变化，请前往 “What's New”页面，可以在GitHub页面或是 SlimeKnights的Discord服务器找到跳转链接。 但遗憾的是，我没搞明白怎么在书中添加链接， 所以我没办法直接让你跳转。",
            "paragraph": true
        }
    ]
}