{
  "name": "ShinyPorygon",
  "icon": "minecraft:orange_tulip",
  "category": "thermal:contributors",
  "read_by_default": true,
  "sortnum": 1,
  "pages": [
    {
      "type": "spotlight",
      "title": "ShinyPorygon",
      "item": "minecraft:player_head{SkullOwner:'ShinyPorygon'}",
      "text": "项目带头人，联合作者。最初的分章节指南编撰者。编写了 Discord 的相关内容及许多（将来会更多）叨扰着 King 的模组支持文件，错误信息散布者，Hekera 的精神支持者。"
    },
    {
      "type": "empty"
    },
    {
      "type": "text",
      "text": "你可曾听说过智者达斯列明（Darth Lemming the wise）之惨案？你肯定一无所知。CoFH 百科可不会把这种东西对你和盘托出。这是一桩 Discord 奇闻。达斯列明是 Java 黑暗尊主，全知全能，能使用一串密语控制其他模组开发者的心智，迫使他们去修复漏洞\u22EF\u22EF他对 Java 的研习程度之深，使得他心头挂念着的每个模组都能免遭孱弱之虞。"
    },
    {
      "type": "text",
      "text": "Java 的黑暗一面是通往众多能力的捷径 \u2E3A 有些甚至是超脱自然的能力。达斯列明已变得强大无比\u22EF\u22EF但只有一件事能在他心中掀起波澜，那就是红石通量失衡。失衡最终还是发生了，达斯列明无力回天。不幸的是，在他将毕生所学全部传授给其他模组作者后，他们对红石通量奥义的发展胜过了达斯列明千百倍之多。多么讽刺，达斯列明庇佑了其它一众模组，使其强大无比，但始终没能庇佑他自己的心血。"
    }
  ]

}