{
	"name": "连接元件",
	"icon": "rs_ctr2:data_cable",
	"category": "rs_ctr2:basics",
	"pages": [
		{
			"type": "patchouli:text",
			"text": "小方块元件间需要通过其表明的\\o端口\\.进行交互。\\p不同种类的的\\o端口\\.可以从其材质区分：\\+\\r数据\\d（红色棋盘）\\+\\y能量\\d（金色插槽）\\+\\w物品\\d（白色管道洞）\\+\\c流体\\d（蓝色管道洞）\\+\\m方块互动\\d（紫色）\\+\\D特殊\\d（黑色正方形）"
		}, {
			"type": "patchouli:text",
			"text": "每个\\o端口\\d还有自身的输入输出方向，通过其周围的绿色或蓝色标记指示。\\p对于\\r数据端口\\d，绿色意味着\\g输出信号\\d，蓝色意味着\\b输入信号\\d。\\p对于其他类型的端口，绿色代表着\\g“主设备”一侧\\d，控制着互动过程；蓝色代表着\\b“从设备”一侧\\d，只会被动地反应。"
		}, {
			"type": "patchouli:text",
			"text": "连接端口最直接的方式是将两个元件有端口的一面贴在一起放置。两个端口的类型必须相同，输入输出方向必须相反。\\p如果条件所限不能直接连接，还可以通过\\i线缆\\d相连。除了只能直接相连的\\D“特殊”\\d类型端口以外，每种端口都有相应的专用线缆。"
		}, {
			"type": "patchouli:text",
			"anchor": "cable",
			"text": "线缆形成的路径只能有两个端点，不能分支。所以如果你想将一个数据输出连接到多个数据输入，或者想让一个从端口能被多个主端口访问，你就需要用到\\i分离器\\d。\\p和线缆一样，每种端口类型（除了“特殊”）都有相应的分离器。\\p注意：分离器组成元件链只能反复相连\\c$(t:参见“工作数据”提示文本)有限次$(/t)\\d，否则就会停止传输！"
		}, {
			"type": "patchouli:spotlight",
			"item": "rs_ctr2:not_gate",
			"title": "提示文本中的端口",
			"text": "在物品的提示文本中，元件的端口会以彩色箭头表示。其颜色代表了端口的类型，蓝色和绿色则是代表数据输入和输出。箭头指向该元件物品模型上的对应端口的朝向。\\n在上面的示例物品中，\\g>\\d是右方的数据输出端口，\\b<\\d是左方的数据输入端口。"
		}, {
			"type": "patchouli:relations",
			"entries": [
				"rs_ctr2:placement",
				"rs_ctr2:io",
				"rs_ctr2:signals"
			],
			"text": ""
		}
	]
}
