{
  "name": "压缩作物块",
  "icon": "thermal:apple_block",
  "read_by_default": true,
  "category": "thermal:plants",
  "pages": [
    {
      "flag": "!mod:thermal_expansion",
      "type": "text",
      "text": "每种作物均有各自的压缩块形式，概念类似于原版的小麦与干草捆。"
    },
    {
      "flag": "mod:thermal_expansion",
      "type": "text",
      "text": "每种作物均有各自的压缩块形式，概念类似于原版的小麦与干草捆。可以使用$(l:thermal:technology/machines/press)多驱冲压机$(/l)对其进行自动化的压缩与分解。"

    },
    {
      "type": "crafting",
      "recipe": "thermal:storage/sugar_cane_block",
      "recipe2": "thermal:storage/bamboo_block"
    },
    {
      "type": "crafting",
      "recipe": "thermal:storage/apple_block",
      "recipe2": "thermal:storage/carrot_block"
    },
    {
      "type": "crafting",
      "recipe": "thermal:storage/potato_block",
      "recipe2": "thermal:storage/beetroot_block"
    },
    {
      "flag": "mod:thermal_cultivation",
      "type": "crafting",
      "recipe": "thermal:storage/barley_block",
      "recipe2": "thermal:storage/radish_block"
    },
    {
      "flag": "mod:thermal_cultivation",
      "type": "crafting",
      "recipe": "thermal:storage/onion_block",
      "recipe2": "thermal:storage/rice_block"
    },
    {
      "flag": "mod:thermal_cultivation",
      "type": "crafting",
      "recipe": "thermal:storage/sadiroot_block",
      "recipe2": "thermal:storage/spinach_block"
    },
    {
      "flag": "mod:thermal_cultivation",
      "type": "crafting",
      "recipe": "thermal:storage/bell_pepper_block",
      "recipe2": "thermal:storage/eggplant_block"
    },
    {
      "flag": "mod:thermal_cultivation",
      "type": "crafting",
      "recipe": "thermal:storage/green_bean_block",
      "recipe2": "thermal:storage/peanut_block"
    },
    {
      "flag": "mod:thermal_cultivation",
      "type": "crafting",
      "recipe": "thermal:storage/strawberry_block",
      "recipe2": "thermal:storage/tomato_block"
    },
    {
      "flag": "mod:thermal_cultivation",
      "type": "crafting",
      "recipe": "thermal:storage/coffee_block",
      "recipe2": "thermal:storage/tea_block"
    },
    {
      "flag": "mod:thermal_cultivation",
      "type": "crafting",
      "recipe": "thermal:storage/corn_block",
      "recipe2": "thermal:storage/hops_block"
    },
    {
      "flag": "mod:thermal_cultivation",
      "type": "crafting",
      "recipe": "thermal:storage/flax_block",
      "recipe2": "thermal:frost_melon"
    }
  ]
}