{
  "name": "树木产物",
  "icon": "thermal:sawdust",
  "read_by_default": true,
  "category": "thermal:plants",
  "pages": [
    {
      "flag": "|mod:thermal_expansion,mod:thermal_cultivation",
      "type": "1-1_item_page",

      "A.title": "树汁",
      "A.item": "thermal:sap_bucket",
      "A.text": "一种在$(l:thermal:technology/devices/tree_extractor)黑色橡树$(/l)中负责将水分及养分运往枝体各处的含糖流体。",

      "B.title": "树脂",
      "B.item": "thermal:resin_bucket",
      "B.text": "一种$(l:thermal:technology/devices/tree_extractor)产自$(/l)橡树、白桦树、云杉树及金合欢树的浓稠流体。"
    },
    {
      "flag": "|mod:thermal_expansion,mod:thermal_cultivation",
      "type": "1_item_page",

      "title": "植物胶乳",
      "item": "thermal:latex_bucket",
      "text": "$(l:thermal:technology/devices/tree_extractor)产自$(/l)丛林树，质地黏稠的白色聚合乳剂。主要用于制造橡胶。"
    },
    {
      "flag": "&!mod:thermal_expansion,!mod:thermal_cultivation",
      "type": "crafting",
      "title": "橡胶",
      "recipe": "thermal:rubber_from_dandelion",
      "recipe2": "thermal:rubber_from_vine"
    },
    {
      "flag": "&!mod:thermal_expansion,!mod:thermal_cultivation",
      "type": "smelting",

      "recipe": "thermal:smelting/cured_rubber_from_smelting",

      "text": "由植物胶乳凝结而成的高弹性防水材料，可由藤蔓或蒲公英制得。橡胶可在熔炉中进行硫化来提升其弹性和韧性。"
    },
    {
      "flag": "|mod:thermal_expansion,mod:thermal_cultivation",
      "type": "crafting",

      "title": "橡胶",
      "recipe": "thermal:rubber_from_dandelion",
      "recipe2": "thermal:rubber_3"
    },
    {
      "flag": "&mod:thermal_cultivation,!mod:thermal_expansion",
      "type": "smelting",

      "recipe": "thermal:smelting/cured_rubber_from_smelting",

      "text": "由植物胶乳凝结而成的高弹性防水材料，只需将植物胶乳桶放入合成栏即可获取 3 枚橡胶，也可由藤蔓或蒲公英制得。橡胶可在熔炉中进行硫化来提升其弹性和韧性。"
    },
    {
      "flag": "mod:thermal_expansion",
      "type": "3_alloy_page",

      "title": "橡胶",
      "in1": "thermal:rubber#2",
      "in2": "thermal:sulfur",
      "out": "thermal:cured_rubber#4",

      "text": "由植物胶乳凝结而成的高弹性防水材料，只需将植物胶乳桶放入合成栏即可获取 3 枚橡胶，也可由藤蔓或蒲公英制得。橡胶可在熔炉中或与硫磺一同在感应炉中进行硫化来提升其弹性和韧性。"
    },
    {
      "flag": "mod:thermal_expansion",
      "type": "2-1_item_page",

      "A.title": "锯末",
      "A.item1": "thermal:sawdust",
      "A.item2": "thermal:sawdust_block",
      "A.text": "$(l:thermal:technology/machines/sawmill)锯木机$(/l)将木材加工为木板时残留的木头碎屑，也可在$(l:thermal:technology/machines/pulverizer)磨粉机$(/l)中处理原木而得。可制成能作为燃料使用的压实锯末块。",

      "B.title": "糖浆",
      "B.item": "thermal:syrup_bucket",
      "B.text": "一根燕麦酥在浸入这种浓稠而美味的流质的那一刻，在流水线上经受的任何摧残都是值得的。通过$(l:thermal:technology/machines/refinery)浓缩$(/l)树汁而成。"
    },
    {
      "flag": "mod:thermal_expansion",
      "type": "2-1_item_page",

      "A.title": "松香",
      "A.item1": "thermal:rosin",
      "A.item2": "thermal:rosin_block",
      "A.text": "树脂的固体$(l:thermal:technology/machines/refinery)精炼$(/l)形态。可用作燃料。",

      "B.title": "树油",
      "B.item": "thermal:tree_oil_bucket",
      "B.text": "这种精油是树脂$(l:thermal:technology/machines/refinery)精炼$(/l)处理的副产物。可作为$(l:thermal:technology/dynamos/compression)压缩能源炉$(/l)的产能耗材。"
    }
  ]
}