{
  "name": "药水流体",
  "icon": "minecraft:potion",
  "category": "thermal:technology",
  "flag": "|mod:thermal_expansion,mod:thermal_innovation",
  "read_by_default": true,
  "pages": [
    {
      "flag": "!mod:thermal_expansion",
      "type": "text",
      "text": "药水流体，即原版 Minecraft 中药水的对应流体形式。对接受药水流体的机器、设备或存储容器等使用原版的药水即可将药水转化为流体形式并注入其中，并返还玻璃瓶。"
    },
    {
      "flag": "mod:thermal_expansion",
      "type": "text",
      "text": "药水流体，即原版 Minecraft 中药水的对应流体形式。可直接使用$(l:thermal:technology/machines/brewer)药水酿造机$(/l)制取。对接受药水流体的机器、设备或存储容器等使用原版的药水即可将药水转化为流体形式并注入其中，并返还玻璃瓶。"
    },
    {
      "type": "text",
      "text": "反之，对装有药水流体的方块使用玻璃瓶即可获取相应的原版药水，每瓶药水相当于 250mB 的药水流体。"
    }
  ]
}