{
  "title": "沙子铸模",
  "text": [
    {
      "text": "浇铸工具部件的方法：首先，合成一个空白沙子铸模并放到铸件台上；其次，在部件工作台中制作一个工具部件并对沙子铸模使用，再使用一次将部件取出；最后将熔融金属浇铸进去，待其冷却，工具部件就造好了。该过程消耗沙子铸模。"
    },
    {
      "text": "非空白沙子铸模在拾取时会变回空白沙子铸模。",
      "paragraph": true
    }
  ]
}
