{
    "name": "繁殖行为增加",
    "icon": "minecraft:egg",
    "category": "effects",
    "advancement": "naturesaura:positive_imbalance",
    "pages": [
        {
            "type": "text",
            "text": "当一个区域中的$(#419600)灵气$()超过了$(l:items/eye)环境之眼$()显示范围的三分之二，而且附近有一些$(l:effects/effect_powder)繁殖之粉$()的时候，周围的$(item)动物$()就会受到影响：牛、绵羊、猪等动物会在无外部激励的情况下时不时地进行$(thing)交配$()，在这过程中还会消耗一些灵气，就像是灵气的力量使它们坠入爱河。"
        },
        {
            "type": "text",
            "text": "另外，掉落在附近地上的$(item)鸡蛋$()也会无需掷出地自动$(thing)孵化$()成小鸡。$(p)注意，一旦区域内的动物足够多，上述两个效果都将停止发生，以防止数量过多。"
        },
        {
            "type": "naturesaura:tree_ritual",
            "recipe": "naturesaura:animal_powder",
            "text": "制作$(l:effects/effect_powder)繁殖之粉$()。"
        }
    ]
}
