{
    "name": "自然储存",
    "icon": "naturesaura:aura_cache",
    "category": "effects",
    "advancement": "naturesaura:positive_imbalance",
    "pages": [
        {
            "type": "text",
            "text": "如果环境中的$(#419600)灵气$()储存量超出了$(l:items/eye)环境之眼$()中的通常值的一半，$(item)自然储存$()就会开始发生：对于$(#419600)灵气$()饱和区域周围携带有$(l:items/aura_cache)灵气缓存$()的任何玩家，他们的灵气缓存都会被过饱和的$(#419600)灵气$()$(thing)填充$()。"
        },
        {
            "type": "naturesaura:tree_ritual",
            "recipe": "naturesaura:cache_powder",
            "text": "使用$(l:effects/effect_powder)无储之粉$()可抑制这种效果。"
        }
    ]
}
