{
    "name": "效应粉末",
    "icon": "naturesaura:effect_powder{effect:'naturesaura:plant_boost'}",
    "category": "effects",
    "advancement": "naturesaura:positive_imbalance",
    "priority": true,
    "pages": [
        {
            "type": "text",
            "text": "$(item)效应粉末$()是为了实现两种目的的魔法物质：首先，它可以$(thing)抑制$()被动效果的发生。此外，有些效果只会在粉末存在的局部内发生，意味着粉末还具有$(thing)创造性$()的能力。$(p)理所当然，粉末只能影响正面效果。"
        },
        {
            "type": "text",
            "text": "要使用粉末，只需要将任意数量的一叠粉末放在地上，此时粉末就会根据其类型抑制或催生效果。粉末作用的$(thing)范围$()格数和粉末堆中粉末的数量相当。粉末放在地上时，攻击粉末即可使其变回掉落物形态。$(p)对于每一种有对应效果的$(item)效应粉末$()，它的配方都能在本章找到。"
        }
    ]
}
