{
    "name": "不稳定爆发",
    "icon": "minecraft:tnt",
    "category": "effects",
    "advancement": "naturesaura:negative_imbalance",
    "pages": [
        {
            "type": "text",
            "text": "当一个区域内的$(#419600)灵气$()水平非常之低，低到了$(item)自然腐败$()已经腐败完了能腐败的植物，但是$(#419600)灵气$()水平依然不提升的话，自然本身就会失去稳定性从而导致$(item)不稳定爆发$()：$(thing)爆炸$()会在地表大范围内零星发生，它的严重性和发生间隔取决于灵气失衡的严重程度。"
        }
    ]
}
