{
  "title": "黏液蛋糕",
  "image": {
	"file": "tconstruct:book/images/cake.png",
    "width": 180,
    "height": 67
  },
  "text": [
    {
      "text": "我发现，做蛋糕的时候可以用黏性草丛代替小麦，而黏液可以做成风味独特的糖霜。尽管它们做成的蛋糕味道一般，但碧空黏液蛋糕似乎能让我跳得更高，而岩浆蛋糕可以让我免疫火焰。我有点好奇末影黏液蛋糕和大地黏液蛋糕吃下后会有什么效果……"
    }
  ]
}
