{
    "title": "精致物品展示框",
    "text": [
        { "text": "• 通透玻璃展示框：当有物品放在里面时， 物品展示框会被隐藏，并且玩家不需要潜行就 可以与后面的方块进行交互。" },
        { "text": "\n" },
        { "text": "• 金物品展示框：会自动旋转展示的物品， 用红石火把和展示框合成可以反转旋转方向。" },
        { "text": "\n" },
        { "text": "• 钻石展示框：展示的物品会慢慢自动回 正，并且可用旋转角度比普通展示框更多。" },
        { "text": "\n" },
        { "text": "• 玛玉灵展示框：展示物品的亮度总是最 高，不受周围亮度影响。" },
        { "text": "\n" },
        { "text": "• 下界合金展示框：免疫火焰和爆炸。" }
    ]
}