{
  "name": "巴迪绑定",
  "icon": "minecraft:enchanted_book",
  "category": "buddycards:enchantments",
  "sortnum": 0,
  "pages": [
    {
      "type": "text",
      "text": "可以附魔在勋章或卡牌夹上。无论你什么时候死亡，背包中带有巴迪绑定的物品会有一定概率在重生后保留在背包中，而不是掉在地上。这个概率随着附魔等级提升，分别是58%、80%、100%。"
    },
    {
      "type": "spotlight",
      "title": "魔咒等级",
      "item": "minecraft:enchanted_book{Enchantments: [{id:\"buddycards:buddy_binding\", lvl: 3}]}",
      "text": "『巴迪绑定』有三个附魔等级。任何附魔台都可以附魔得到巴迪绑定I。II级附魔则需要15附魔等级的附魔台，III级 则至少需要30级附魔等级的附魔台。"
    }
  ]
}