{
  "name": "树液提取器",
  "icon": "industrialforegoing:fluid_extractor",
  "category": "industrialforegoing:basics",
  "sortnum": 0,
  "read_by_default": true,
  "pages": [
    {
      "type": "text",
      "text": "在树液提取器前方摆放原木，它会从其中提取出$(l:basics/latex)胶乳$()。多个提取器可以同时对同一个原木进行抽取。$(br2)提取器会不断消耗原木，一旦原木耗尽，它就会变成对应去皮状态的原木，重复这个过程，去皮原木就会消失。 "
    },
    {
      "type": "crafting",
      "recipe": "industrialforegoing:fluid_extractor",
      "text": "$(br2)$(6)每种原木能产出不同量的胶乳，这可以通过 JEI 来查看。$(6)能量可选：提供能量会使机器运作的更加迅速。"
    }
  ]
}