{
  "modifier_id": "tconstruct:melee_protection",
  "text": [
    {
      "text": "提供+8%的近战伤害抗性，比如僵尸的攻击、剑的攻击，以及摔落伤害。所有盔甲的总上限为80%，也就是10级强化。"
    },
    {
      "text": "所有不是爆炸类、火焰类、魔法类或弹射物类的伤害统称为近战伤害，并且近战伤害可以完全格挡掉。",
      "paragraph": true
    }
  ],
  "more_text_space": true,
  "effects": [
    "可以逐级强化",
    "需要1个防御槽"
  ]
}
