{
  "name": "维度矩阵",
  "icon": "occultism:dimensional_matrix",
  "category": "occultism:rituals/crafting",
  "sortnum": 22,
  "pages": [
    {
      "type": "spotlight",
      "item": "occultism:dimensional_matrix",
      "text": "维度矩阵是用于存放物品的小型维度的入口。束缚在矩阵里的$(thing)巨灵$()会负责维持维度的稳定。同时，存储稳定器里的其他魔灵也会起到支撑维度稳定性，增加维度大小的作用。"
    },
    {
      "type": "occultism:ritual",
      "recipe": "occultism:ritual/craft_dimensional_matrix"
    }
  ]
}
