{
  "name": "无限工具",
  "icon": "industrialforegoing:infinity_drill",
  "category": "tools",
  "sortnum": 2,
  "read_by_default": true,
  "pages": [
    {
      "type": "text",
      "text": "所有无限工具都有着一个明确的特性，那就是注入的能量越多，威力就越强。提升工具的能量等级会为工具带来特殊的能力。为其中注入$(l:generators/biofuel)生物燃油$()会让它们效率更高，并且使用时消耗燃料而不是能量。$(br2)你可以$(6)潜行+右键$()来打开工具 GUI。"
    },
    {
      "type": "text",
      "text": "你可以在工具的 GUI 中关闭工具$(6)充能$()。$(br2)一共有 7 个等级：$(li)低劣$(li)常见$(li)少见$(li)稀有$(li)史诗$(li)传说$(li)神器$(br2)所有的工具都会把掉落物传送到玩家身上。所有的工具都会将掉落物传送到玩家身上。"
    },
    {
      "type": "text",
      "text": "你可以通过成为一名 patreon 捐献者获得$(6)闪亮$()版本的工具。这会给你视觉上的回报！"
    }
  ]
}