{
  "name": "砧板",
  "icon": "sushigocrafting:cutting_board",
  "category": "using_tools",
  "sortnum": 3,
  "read_by_default": false,
  "pages": [
    {
      "type": "text",
      "text": "厨艺的重要一步便是准备原材料。在砧板上放置材料，手持$(6)砍刀$()持续右击即可将材料切割好。$(br)潜行右击砧板可将材料取下。$(br2)$(l:getting_started/effects)坚定的手$()会为你使用砧板提供帮助。"
    },
    {
      "type": "crafting",
      "recipe": "sushigocrafting:cutting_board",
      "recipe2": "sushigocrafting:cleaver_knife"
    }
  ]
}