{
	"name": "长尾鲨牙",
	"category": "tools",
	"icon": "craftandhunt:textures/item/thrasher_tooth.png",
	"pages": [
		{
			"type": "text",
			"text": "长尾鲨牙可以制造出非常锋利高效的工具，但对于任何实际的用途来说，它们都显得格外易碎。"
		},
		{
			"type": "crafting",
			"recipe": "craftandhunt:shark_sword"
		},
		{
			"type": "crafting",
			"recipe": "craftandhunt:shark_axe"
		},
		{
			"type": "crafting",
			"recipe": "craftandhunt:shark_shovel"
		},
		{
			"type": "crafting",
			"recipe": "craftandhunt:shark_pickaxe"
		},
		{
			"type": "crafting",
			"recipe": "craftandhunt:shark_hoe"
		}
	]
}