{
  "name": "末地包",
  "icon": "buddycards:pack.3",
  "category": "buddycards:sets",
  "sortnum": 2,
  "pages": [
    {
      "type": "text",
      "text": "末地包在主世界相当难找，不过在末地却非常容易。它包含总共27张卡片，此外你也可以收集闪卡与不同等级的卡片。$(br2)要获得这些基本卡牌，你必须找到对应的末地包。"
    },
    {
      "type": "spotlight",
      "title": "末地卡牌包",
      "item": "buddycards:pack.3",
      "text": "末地卡牌包大多在杀死末影龙时找到，末影龙总会掉落几个。$(br2)在搜刮末地城也能在箱子里找到它，它也是潜影贝的罕见掉落物。",
      "link_recipe": true
    },
    {
      "type": "spotlight",
      "title": "末地卡牌",
      "item": "buddycards:card.3.4",
      "text": "末影卡牌包同其它大多数卡牌包一样，总共会给予4张卡牌，它们之中只有一张会是闪卡。$(br2)卡牌按稀有度分为四个等级：普通的、常见的、稀有的和史诗的。你可以通过卡牌角落的颜色来区分它们。"
    },
    {
      "type": "spotlight",
      "title": "末地卡牌",
      "item": "buddycards:card.3.27{\"foil\":true}",
      "text": "卡牌序号 1-12 稀有度为普通卡，卡牌角落不带有颜色；卡牌序号 13-21 是不寻常卡，带有两个黄角；卡牌序号 22-25 是稀有卡，带有四个蓝角，以及26号和27卡片是带有2个黄角2个紫角的史诗卡。闪卡和非闪卡有着相同的稀有度。"
    },
    {
      "type": "spotlight",
      "item": "buddycards:medal.3",
      "title": "末地包勋章",
      "text": "无论是闪卡还是非闪卡，末地包勋章在集齐全部27张末地包卡片后会自动获得。装备上勋章后，它会给你提供抗性提升I的增益效果。",
      "link_recipe": true
    },
    {
      "type": "relations",
      "title": "勋章魔咒",
      "entries": [
        "buddycards:enchantments/buddy_binding",
        "buddycards:enchantments/buddy_boost"
      ],
      "text": "勋章还可以附魔上『巴迪绑定』和『巴迪提升』。两个等级的巴迪提升都能每隔几秒就清除一次漂浮效果，而巴迪提升II还会将抗性提升I升级为抗性提升II。"
    }
  ]
}