{
  "name": "下界包",
  "icon": "buddycards:pack.2",
  "category": "buddycards:sets",
  "sortnum": 1,
  "pages": [
    {
      "type": "text",
      "text": "巴迪卡牌的下界包要比基础包更难寻找，并且只能在下界找到。包含总共27张卡片，此外你也可以收集闪卡与不同等级的卡片。$(br2)要获得下界卡牌，你必须找到对应的下界包。"
    },
    {
      "type": "spotlight",
      "title": "下界卡牌包",
      "item": "buddycards:pack.2",
      "text": "下界卡牌包能在大多数原版下界建筑中找到：下界要塞、堡垒遗迹以及废弃传送门。$(br2)在杀死小猪灵或僵尸猪灵时，偶尔也能发现下界卡牌包。而以物易物是一种更难但更安全的方法。",
      "link_recipe": true
    },
    {
      "type": "spotlight",
      "title": "下界卡牌",
      "item": "buddycards:card.2.12",
      "text": "下界卡牌包同其它大多数卡牌包一样，总共会给予4张卡牌，它们之中只有一张会是闪卡。$(br2)卡牌按稀有度分为四个等级：普通的、常见的、稀有的和史诗的。你可以通过卡牌角落的颜色来区分它们。"
    },
    {
      "type": "spotlight",
      "title": "下界卡牌",
      "item": "buddycards:card.2.23{\"foil\":true}",
      "text": "卡牌序号 1-12 稀有度为普通卡，卡牌角落不带有颜色；卡牌序号 13-21 是不寻常卡，带有两个黄角；卡牌序号 22-25 是稀有卡，带有四个蓝角，以及26号和27卡片是带有2个黄角2个紫角的史诗卡。闪卡和非闪卡有着相同的稀有度。"
    },
    {
      "type": "spotlight",
      "item": "buddycards:medal.2",
      "title": "下界包勋章",
      "text": "无论是闪卡还是非闪卡，下界包勋章在集齐全部27张下界包卡片后会自动获得。装备上勋章后，它会给你提供防火I的增益效果。",
      "link_recipe": true
    },
    {
      "type": "relations",
      "title": "勋章魔咒",
      "entries": [
        "buddycards:enchantments/buddy_binding",
        "buddycards:enchantments/buddy_boost"
      ],
      "text": "勋章还可以附魔上『巴迪绑定』和『巴迪提升』。如果有『巴迪提升』，你在着火时会获得增益效果。巴迪提升I提供速度I，巴迪提升II同时提供速度I和力量I。"
    }
  ]
}