{
  "name": "被附身的末影螨",
  "icon": "minecraft:end_stone",
  "category": "occultism:rituals/possession",
  "sortnum": 1,
  "pages": [
    {
      "type": "entity",
      "entity": "occultism:possessed_endermite",
      "text": "掉落：1-2x $(item)末地石$()"
    },
    {
      "type": "occultism:ritual",
      "recipe": "occultism:ritual/possess_endermite"
    },
    {
      "type": "text",
      "text": "仪式诱使生成了一只$(thing)末影螨$()。其中，石头和泥土代表了周围环境，扔出的鸡蛋则模拟了末影珍珠的使用。$(thing)末影螨$()一旦生成，被召唤的$(thing)魔精$()会立即进行附身，前往$(thing)末地$()并返回。$(thing)被附身的末影螨$()被杀死时会掉落$(item)末地石$()。"}
  ]
}

