{
  "title": "工匠砧",
  "item": {
    "id": "tconstruct:tinkers_anvil"
  },
  "text": [
    {
      "text": "\n"
    },
    {
      "text": "好了工匠，把你那没用的工匠站扔到一边，然后打造一个真正有用的工匠砧吧。只需要一锤，你便能够打造强力的大型工具。"
    },
    {
      "text": "工匠砧只能用最好的合金制造，同时也允许你打造所有工具，不论小型还是宽型。",	
	  "paragraph": true
    }
  ]
}
