{
  "title": "龙鳞",
  "item": {
    "id": "tconstruct:dragon_scale"
  },
  "text": [
    {
      "text": "如果你可以用爆炸对末影龙造成伤害，那么它可能会掉落一片鳞片。有人告诉我，获取龙鳞最简单的方法是在末影水晶治疗末影龙时将其打碎，不过TNT也同样有效。到目前为止，我依然没有成功获得过龙鳞，不过我听说Thruul已经找到一种用龙鳞强化工具的方法了。",
      "paragraph": true
    }
  ]
}
