{
  "title": "黏性种子",
  "item": {
    "tag": "tconstruct:slimy_grass_seeds"
  },
  "text": [
    {
      "text": "有时我在探索地牢或下界要塞时，会在箱子里发现黏性种子。我不确定它们是哪里来的，但是把它们种植在普通泥土或黏性泥土上会长出黏性草，就像你从一个岛屿上把他们移植过来一样。我在这些箱子里也看到过黏性树苗，所以你可能甚至不需要到访所有种类的黏液岛屿，就可以集齐所有种类的黏液树苗。",
      "paragraph": true
    }
	]
}
