{
  "name": "存储访问器",
  "icon": "occultism:storage_remote",
  "category": "occultism:rituals/crafting",
  "sortnum": 24,
  "pages": [
    {
      "type": "spotlight",
      "item": "occultism:storage_remote",
      "text": "$(item)存储访问器()可以与$(item)存储促动器$()链接。束缚于访问器中的$(thing)巨灵$()便能从任何地方访问促动器中的物品，甚至能跨维度。"
    },
    {
      "type": "occultism:ritual",
      "recipe": "occultism:ritual/craft_storage_remote"
    }
  ]
}
