{
  "name": "意外结实的背包",
  "icon": "occultism:satchel",
  "category": "occultism:rituals/crafting",
  "sortnum": 11,
  "pages": [
    {
      "type": "spotlight",
      "item": "occultism:satchel",
      "text": "一只$(thing)魔精$()被束缚在此背包内，持续地对现实进行$(italic)轻微$()扭曲。这会使得背包能存放的物品数量比其大小看上去的多，成为实用主义旅者的好伙伴。"
    },
    {
      "type": "occultism:ritual",
      "recipe": "occultism:ritual/craft_satchel"
    }
  ]
}
