{
  "name": "扩容",
  "icon": "minecraft:enchanted_book",
  "read_by_default": true,
  "category": "thermal:world",
  "pages": [
    {
      "type": "text",
      "text": "扩容附魔由热力全系列共同的前置模组 CoFH Core 添加。该附魔可作用于所有带有物品、流体或 RF 存储空间的方块及物品，每一级附魔将扩充其 50% 的存储上限，在最高等级扩容 IV 下则可扩充 200%。扩容附魔可与$(l:thermal:technology/augments/introduction)增强$(/l)等其它对存储空间有所影响的物件共存并叠加，例如一台机器装载了$(l:thermal:technology/augments/integral_components)谐振整合组件$(/l)且拥有扩容 IV 附魔，则其 RF 容量将被扩充至初始值的 12 倍。"
    }
  ]
}