{
  "tool": "tconstruct:scythe",
  "text": [
    { "text": "镰刀是一种范围收割工具，可以收割3x3x3范围的植物，或是攻击范围内的所有怪物。" },
    { "text": "“延展”强化会交替增加挖掘宽度和深度，“丝触”强化后的武器可以进行范围修剪。", "paragraph": true }
  ],
  "properties": [
    "+1 攻击力",
    "0.8 攻击速度",
    "45% 采掘系数",
    "250% 耐久系数",
    "范围攻击",
    "可以将泥土变为耕地",
    "可以收割植物"
  ]
}
