{
    "name": "Small Plane",
    "icon": "simpleplanes:plane",
    "category": "simpleplanes:intro",
    "pages": [
        {
            "type": "text",
            "text": "It can only fit one passenger, but it needs the least amount of fuel. You need an engine to power it."
        },
        {
            "type": "entity",
            "entity": "simpleplanes:plane",
            "scale": 0.5
        },
        {
            "type": "simpleplanes:plane_recipe",
            "item1": "simpleplanes:propeller#1",
            "item2": "minecraft:oak_planks#5",
            "output": "simpleplanes:plane"
        }
    ]
}