{
  "modifier_id": "tconstruct:offhanded",
  "text": [
    {
      "text": "如果副手被占用，这个升级会禁止你使用主手工具的交互功能。例如，如果副手拿着一块盾牌，那么你不能用主手的斧为原木去皮。当装在双手工具上时，这个升级会使其变为单手工具。"
    },
    {
      "text": "第2级会完全禁用工具的交互功能。", "paragraph": true
    }
  ],
  "more_text_space": true,
  "effects": [
    "最高2级",
    "每级的配方都不同",
    "需要1个升级槽"
  ]
}
