{
  "modifier_id": "tconstruct:tank",
  "text": [
    {
      "text": "增加工具内部储罐容量，每级增加1152mB（8锭）。和“装桶”或“熔炼”能力配合效果更好。"
    },
    {
      "text": "加持有“储液”升级的工具可以和流体储罐交互来填充或倒空内部储罐。如果升级加持在盔甲上，那么必须手持盔甲才能填充或倒空内部储罐。",
      "paragraph": true
    }
  ],
  "more_text_space": true,
  "effects": [
    "最高5级",
    "每级需要1个升级槽"
  ]
}
