{
  "name": "区块加载驳船",
  "icon": "littlelogistics:chunk_loader_barge",
  "category": "littlelogistics:vessels",
  "pages": [
    {
      "type": "patchouli:entity",
      "entity": "littlelogistics:chunk_loader_barge",
      "scale": 0.6,
      "offset": 0.5,
      "text": "该驳船会强制加载以自身为中心的3x3区块。"
    },
    {
      "type": "patchouli:crafting",
      "recipe": "littlelogistics:chunk_loader_barge",
      "text": "长途航线的必备驳船。"
    }
  ]
}