{
  "name": "末影小贩",
  "icon": "minecraft:ender_pearl",
  "category": "buddycards:enderlings",
  "sortnum": 0,
  "pages": [
    {
      "type": "text",
      "text": "末影小贩偶尔徘徊在末影人身边。这些年轻的末影人非常友好和好奇，并且不会攻击你。$(br2)末影小贩们很乐意与你交换卡牌，但要小心以后找丢，因为与同一个末影小贩交易有许多的好处。"
    },
    {
      "type": "entity",
      "entity": "buddycards:enderling",
      "text": "看看那个小家伙！"
    }
  ]
}