{
  "name": "特殊物品",
  "icon": "buddycards:zylex_medal",
  "category": "buddycards:enderlings",
  "sortnum": 3,
  "pages": [
    {
      "type": "text",
      "text": "末影人和末影小贩们用紫砺做了些有趣的东西。然而你自己并不能合成它们，如果你和末影小贩们做好朋友，它们或许会给你提供这些稀有的物品。它们在重置交易两次后会开始提供稀有物品，此后每三次重置交易提供一次。"
    },
    {
      "type": "spotlight",
      "item": "buddycards:zylex_band",
      "text": "紫砺戒指对于移动你的收藏非常有用。戴着它破坏巴迪钢保险箱，类似潜影盒那样，会保留保险箱的内部存储。",
      "link_recipe": true
    },
    {
      "type": "spotlight",
      "item": "buddycards:zylex_boots",
      "text": "紫砺鞋子与末影小贩身穿的是同款。它像完美巴迪钢护甲那样运作，随着你的收集进度增强而增强，并且也支持相对应的附魔。",
      "link_recipe": true
    },
    {
      "type": "relations",
      "title": "相关页面",
      "entries": [
        "buddycards:buddysteel/perfect_buddysteel_gear",
        "buddycards:enchantments/buddy_binding"
      ],
      "text": "我们无从得知紫砺靴子是如何制作的，但是它支持『巴迪绑定』并且与完美巴迪钢十分相像。"
    },
    {
      "type": "spotlight",
      "item": "buddycards:zylex_medal",
      "text": "紫砺勋章会让所有末影小贩们都明白你是它们的朋友。当它们看见你戴着它时，交易完全部物品，它们就会自己重新刷新交易而无需紫砺勋章代币。",
      "link_recipe": true
    },
    {
      "type": "relations",
      "title": "勋章附魔",
      "entries": [
        "buddycards:enchantments/buddy_binding",
        "buddycards:enchantments/buddy_boost"
      ],
      "text": "紫砺勋章可以被『巴迪绑定』和『巴迪提升』附魔，巴迪提升I会给予你幸运评级I的效果，而巴迪提升II会给予你幸运评级II的效果。"
    }
  ]
}