{
  "name": "流光方格板",
  "icon": "buddycards:luminis_panels",
  "category": "buddycards:luminis",
  "sortnum": 1,
  "pages": [
    {
      "type": "crafting",
      "recipe": "buddycards:luminis_panel",
      "text": "流光的自然发光使其非常适合做建筑材料，幸运的是，您可以将流光转换成多个流光方格板，用其装点建筑。"
    },
    {
      "type": "crafting",
      "recipe": "buddycards:luminis_panels",
      "recipe2": "buddycards:luminis_pillar"
    }
  ]
}