{
  "name": "特殊物品",
  "icon": "buddycards:luminis_medal",
  "category": "buddycards:luminis",
  "sortnum": 3,
  "pages": [
    {
      "type": "text",
      "text": "深层流光块在很大的爆炸压力下会结晶成奇怪的形状。虽然没人明白为什么，但这仍非常有趣。你放在一起的深层流光块越多，你的运气似乎就越好。有时它也可能产生普通的流光锭。"
    },
    {
      "type": "spotlight",
      "item": "buddycards:luminis_band",
      "text": "流光戒指对于寻找深层流光非常有用，戴上它会增加产出的几率。",
      "link_recipe": true
    },
    {
      "type": "spotlight",
      "item": "buddycards:luminis_pickaxe",
      "text": "流光镐是很少见的发现。它们的工作原理与完美巴迪钢镐类似，可以随你的收藏进度升级，也可以使用相同的附魔。它似乎也能增加你产出深层流光的几率。",
      "link_recipe": true
    },
    {
      "type": "relations",
      "title": "相关书页",
      "entries": [
        "buddycards:buddysteel/perfect_buddysteel_gear",
        "buddycards:enchantments/buddy_binding"
      ],
      "text": "我们无从得知流光镐是如何制作的，但是它支持『巴迪绑定』并且与完美巴迪钢十分相像。"
    },
    {
      "type": "spotlight",
      "item": "buddycards:luminis_medal",
      "text": "流光勋章是一个相当好用的饰品，它将提高获得深层流光的几率，并额外增加在挖掘流光矿时发现随机卡片的几率。当然，这并不常见，并且只有在你同时装备三件流光物品才能发生。",
      "link_recipe": true
    },
    {
      "type": "relations",
      "title": "勋章魔咒",
      "entries": [
        "buddycards:enchantments/buddy_binding",
        "buddycards:enchantments/buddy_boost"
      ],
      "text": "流光勋章可以被『巴迪绑定』和『巴迪提升』附魔，巴迪提升I会给予你幸运评级I的效果，而巴迪提升II会给予你幸运评级II的效果。"
    }
  ]
}