{
  "name": "异界树苗交易者",
  "icon": "occultism:otherworld_sapling",
  "category": "occultism:rituals/summoning",
  "sortnum": 22,
  "pages": [
    {
      "type": "trade_description",
      "heading": "异界树苗交易者",
      "content": "异界树苗交易者能帮你把自然生成的不稳定异界树苗换成稳定的树苗，使得收获时无需$(thing)第三只眼$()。",
      "input_item": "occultism:otherworld_sapling_natural",
      "output_item": "occultism:otherworld_sapling"
    },
    {
      "type": "occultism:ritual",
      "recipe": "occultism:ritual/summon_foliot_sapling_trader"
    }
  ]
}
