{
  "name": "末影侵扰系列",
  "icon": "thermal:ender_tnt",
  "read_by_default": true,
  "flag": "mod:thermal_innovation",
  "category": "thermal:explosives",
  "pages": [
    {
      "type": "text",
      "text": "末影侵扰系列的爆炸物会对末影人及末影螨造成伤害并在 15 秒内抑制其传送，同时将形成一片侵扰区域，对该区域内几乎所有的怪物和玩家施加长达 10 秒的侵扰效果，使其被随机传送至 128 格内的随机位置。方块型的炸药与物品型的可投掷炸弹分别具有 9 格及 5 格的爆炸半径。这一类的爆炸物同末影人一样，无法在水下正常起效！"
    },
    {
      "type": "crafting",
      "recipe": "thermal:ender_tnt",
      "recipe2": "thermal:ender_grenade_4"
    },
    {
      "flag": "&mod:thermal_innovation,mod:thermal_locomotion",
      "type": "crafting",
      "recipe": "thermal:ender_tnt_minecart",
      "title": "末影侵扰炸药矿车"
    }
  ]
}