{
  "name": "狱火烧夷系列",
  "icon": "thermal:fire_tnt",
  "read_by_default": true,
  "flag": "mod:thermal_innovation",
  "category": "thermal:explosives",

  "pages": [
    {
      "type": "text",
      "text": "狱火烧夷系列的爆炸物能将火焰铺撒至范围内的每个方块和每个生物。方块型的炸药与物品型的可投掷炸弹分别具有 9 格及 5 格的爆炸半径。"


    },
    {
      "type": "crafting",
      "recipe": "thermal:fire_tnt",
      "recipe2": "thermal:fire_grenade_4"


    },
    {
      "flag": "&mod:thermal_innovation,mod:thermal_locomotion",
      "type": "crafting",
      "recipe": "thermal:fire_tnt_minecart",
      "title": "狱火烧夷炸药矿车"


    }
  ]

}