{
  "name": "红石发信系列",
  "icon": "thermal:redstone_tnt",
  "read_by_default": true,
  "flag": "mod:thermal_innovation",
  "category": "thermal:explosives",
  "pages": [
    {
      "type": "text",
      "text": "红石发信系列的爆炸物会在爆炸时形成一片持续 10 秒的红石通量激发场，激活作用范围内所有的红石部件与设备。方块型的炸药与物品型的可投掷炸弹分别具有 9 格及 5 格的爆炸半径。"
    },
    {
      "type": "crafting",
      "recipe": "thermal:redstone_tnt",
      "recipe2": "thermal:redstone_grenade_4"
    },
    {
      "flag": "&mod:thermal_innovation,mod:thermal_locomotion",
      "type": "crafting",
      "recipe": "thermal:redstone_tnt_minecart",
      "title": "红石发信炸药矿车"
    }
  ]
}