{
  "name": "收割机",
  "icon": "industrialforegoing:plant_gatherer",
  "category": "industrialforegoing:agriculture_husbandry",
  "sortnum": 1,
  "read_by_default": true,
  "pages": [
    {
      "type": "text",
      "text": "一台用来$(6)砍$()树和$(6)收获$()作物的机器。每次操作都会产生点儿$(l:agr_hus/sludge)污泥$()。$(br2)当收割机在工作范围内开始砍树时，它会将原木连同与它相连的其它原木和树叶一并砍下。"
    },
    {
      "type": "text",
      "text": "即使这种作物支持玩家右键来收获，收割机在收获作物时也总是尝试破坏它。但是如果提供给它少量以太气体，它就会自动重新种植。"
    },
    {
      "type": "crafting",
      "recipe": "industrialforegoing:plant_gatherer"
    }
  ]
}