{
  "name": "化学溶解室",
  "icon": "industrialforegoing:dissolution_chamber",
  "category": "industrialforegoing:basics",
  "sortnum": 6,
  "read_by_default": true,
  "pages": [
    {
      "type": "text",
      "text": "一个使用多达$(6)8$()种物品和$(6)1$()种流体制造产物的强力机器。它可以生产一些物品和流体。$(br2)所有的配方都是无序的，就是说材料可以放在任意槽位上。$(br2)当前有配方时，机器会锁住所有槽位以防更多物品进入。"
    },
    {
      "type": "crafting",
      "recipe": "industrialforegoing:dissolution_chamber"
    }
  ]
}