{
  "name": "镭射钻",
  "icon": "industrialforegoing:laser_drill",
  "category": "industrialforegoing:resource_production",
  "sortnum": 13,
  "read_by_default": true,
  "pages": [
    {
      "type": "text",
      "text": "当给这台机器提供能量时，它会为工作范围内找到的第一个$(l:resource_production/ore_laser_base)镭射钻基座$()或$(l:resource_production/fluid_laser_base)流体镭射钻基座$()进行充能。"
    },
    {
      "type": "crafting",
      "recipe": "industrialforegoing:laser_drill"
    }
  ]
}