{
  "name": "镭射钻基座",
  "icon": "industrialforegoing:ore_laser_base",
  "category": "industrialforegoing:resource_production",
  "sortnum": 14,
  "read_by_default": true,
  "pages": [
    {
      "type": "text",
      "text": "当被$(l:resource_production/laser_drill)镭射钻$()充分充能后，会产出矿物。每种矿物会根据当前机器所在的生态群系以及所设置的挖掘深度占不同权重。$(br2)镭射聚焦透镜会增加产出某种矿物的权重。$(br2)通过JEI查看具体数据。"
    },
    {
      "type": "crafting",
      "recipe": "industrialforegoing:ore_laser_base"
    }
  ]
}