{
  "name": "自动炼药机",
  "icon": "industrialforegoing:potion_brewer",
  "category": "industrialforegoing:resource_production",
  "sortnum": 9,
  "read_by_default": true,
  "pages": [
    {
      "type": "text",
      "text": "支持自动化的原版酿造台。$(br2)给它提供$(6)能量$()，它会以当前原料酿造出相应的药水。$(br)如果内部容器中$(6)水$()的量足够，空瓶会被装满，并且将来水瓶不会被消耗。"
    },
    {
      "type": "crafting",
      "recipe": "industrialforegoing:potion_brewer"
    }
  ]
}