{
    "name": "莫名愤怒",
    "icon": "minecraft:fire_charge",
    "category": "effects",
    "advancement": "naturesaura:negative_imbalance",
    "pages": [
        {
            "type": "text",
            "text": "当任何世界任何区域的$(#419600)灵气$()水平降得足够低，不断增加的环境压力会使得生物更加难以自控。特定怪物，比如$(item)僵尸猪灵$()、$(item)末影人$()等只在被打扰时会生气的生物，在你靠得足够近时就会突然$(thing)愤怒$()。"
        }
    ]
}
