{
  "modifier_id": "tconstruct:overslime",
  "text": [
    {
      "text": "黏液覆层会为工具增加第二条耐久度条，并且其消耗优先于原耐久度。默认情况下，工具的基准黏液覆层最高耐久为50点，会受到工具的耐久系数加成。"
    },
    {
      "text": "如果工具上没有黏液相关材料制成的部件的话，攻击伤害和采掘速度将会减少10%。",
      "paragraph": true
    }
  ],
  "more_text_space": true,
  "effects": [
    "多次使用",
    "无需槽位"
  ]
}
