{
  "name": "硬化玻璃",
  "icon": "thermal:obsidian_glass",
  "read_by_default": true,
  "category": "thermal:materials",
  "pages": [
    {
      "flag": "mod:thermal_expansion",
      "type": "text",
      "text": "硬化玻璃较普通玻璃具有更高的爆炸抗性，同时也是多个配方的合成材料。部分$(l:thermal:world/materials/alloys)合金$(/l)等金属材料可用以镶饰硬化玻璃以使其附带各自的特殊性质。硬化玻璃及其镶饰变种均由基础材料与火焰弹在合成栏中制得，亦可直接使用感应炉进行制造。"
    },
    {
      "flag": "mod:thermal_expansion",
      "type": "3-3_alloy_page",

      "A.in1": "minecraft:quartz",
      "A.in2": "minecraft:obsidian",
      "A.in3": "minecraft:sand",
      "A.out": "thermal:obsidian_glass#2",
      "A.text": "基础的防凋灵方块。",

      "B.in1": "thermal:obsidian_glass#2",
      "B.in2": "thermal:signalum_ingot",
      "B.out": "thermal:signalum_glass#2",
      "B.text": "释放强红石信号。"
    },
    {
      "flag": "mod:thermal_expansion",
      "type": "3-3_alloy_page",

      "A.in1": "thermal:obsidian_glass#2",
      "A.in2": "thermal:lumium_ingot",
      "A.out": "thermal:lumium_glass#2",
      "A.text": "散射强光。",

      "B.in1": "thermal:obsidian_glass#2",
      "B.in2": "thermal:enderium_ingot",
      "B.out": "thermal:enderium_glass#2",
      "B.text": "炫耀资本。"
    },
    //The following pages appear when Expansion is NOT installed.
    {
      "flag": "!mod:thermal_expansion",
      "type": "text",
      "text": "硬化玻璃较普通玻璃具有更高的爆炸抗性，同时也是多个配方的合成材料。部分$(l:thermal:world/materials/alloys)合金$(/l)等金属材料可用以镶饰硬化玻璃以使其附带各自的特殊性质，例如信素硬化玻璃能施放强红石信号，流明硬化玻璃可充当强光源，而末影硬化玻璃，能向其它玩家炫耀你有多奢侈，等等。"
    },
    {
      "flag": "!mod:thermal_expansion",
      "type": "crafting",
      "recipe": "thermal:fire_charge/obsidian_glass_2",
      "recipe2": "thermal:fire_charge/signalum_glass_2"
    },
    {
      "flag": "!mod:thermal_expansion",
      "type": "crafting",
      "recipe": "thermal:fire_charge/lumium_glass_2",
      "recipe2": "thermal:fire_charge/enderium_glass_2"
    }
  ]
}