{
  "name": "竹帘",
  "icon": "sushigocrafting:roller",
  "category": "using_tools",
  "sortnum": 4,
  "read_by_default": true,
  "pages": [
    {
      "type": "text",
      "text": "竹帘是制作寿司最重要的工具。要想正确使用竹帘、制作出最好的食物，你需要先做几次试验。$(br2)制作一次，提示文本中就会显示完美的原材料量，而完美的制作可以提供更好的食物效果。"
    },
    {
      "type": "text",
      "text": "使用竹帘，你需要首先选择所制作的寿司种类，然后将原材料放入正确的格子中，再选择你想使用的原材料的量（注意格子右侧的用量条），最后单击竹帘几次，即可获得寿司。$(br2)你不需要记下完美的原材料量，竹帘会显示出来。"
    },
    {
      "type": "crafting",
      "recipe": "sushigocrafting:roller"
    }
  ]
}