{
  "title": "箭矢数据",
  "text": [
    { "text": "与弓弩一样，箭矢的数据与近战和采掘工具的数据不同。然而，箭矢也保留了如下数据。" },
    { "text": "首先是重量——我做了一些测试，发现越轻的箭矢飞得越远。", "paragraph": true },
    { "text": "然后是稳定性——更稳定的箭矢会沿着更有利的轨迹飞行。", "paragraph": true },
    { "text": "最后是精确度——这与弓弩的精度相同。", "paragraph": true }
  ]
}
