{
    "name": "奢华光源",
    "icon": "the_afterlight:moon_crystal_block",
    "category": "the_afterlight:category_2",
    "sortnum": 3,
    "advancement": "the_afterlight:delving_into_the_dark",
    "pages": [
        {
            "type": "patchouli:text",
            "text": "月之水晶可以合成能发出大量光芒的致密方块。虽然很难制成，但它是隐光之域中我所知的最亮也是最有效的光源了。"
        },
        {
            "type": "patchouli:crafting",
            "recipe": "the_afterlight:moon_crystal_block_recipe_1",
            "text": "月之水晶块合成表如上。不过凑齐足够的月之水晶可能会有点难。"
        }    
    ]
}