{
    "name": "月之合金",
    "icon": "the_afterlight:lunarite_scrap_block",
    "category": "the_afterlight:category_3",
    "sortnum": 5,
    "advancement": "the_afterlight:delving_into_the_dark",
    "pages": [
        {
            "type": "patchouli:text",
            "text": "月之合金是在极为幽深的地底发现的罕见矿物。它的稀有程度甚至能和主世界的钻石比肩。烧炼矿石就能得到一块月之合金碎片，将这些碎片和月钢合成得到月之合金锭。"
        },
        {
            "type": "patchouli:text",
            "text": "月之合金工具和盔甲不能通过一般方式制作，而是需要将月之合金锭和月钢工具盔甲组合才能制成月之合金工具和盔甲。就我所知，月之合金装备是隐光之域中最顶尖的一批了。合成月之合金锭的方法参见下一页。"
        },
        {
            "type": "patchouli:crafting",
            "recipe": "the_afterlight:lunarite_ingot_recipe",
            "title": "合成月之合金",
            "text": "月之合金锭合成表如上。月钢装备则是月之合金装备的基础。"
        },
        {
            "type": "patchouli:text",
            "text": "将月钢装备和月之合金锭放在锻造台内锻造来得到月之合金装备。这一步骤是将两者结合，或者说是将月之合金包裹至月钢装备上。月之合金装备比月钢装备强得多，耐久度变成原来的四倍。"  
        }    
    ]
}