{
    "name": "雕符祭坛",
    "icon": "the_afterlight:glyph_altar",
    "category": "the_afterlight:category_glyph",
    "sortnum": 3,
    "advancement": "the_afterlight:radiance",
    "pages": [
        {
            "type": "patchouli:text",
            "text": "雕符是月民们用来制作强大的符文\u2E3A“雕符”的古老仪式。雕符能用来制作传说般的武器和物品。大部分这类传说级武器和物品都多少和月有着联系，也常受外来者关注。"
        },
        {
            "type": "patchouli:text",
            "title": "雕符祭坛",
            "text": "制作雕符来执行仪式就需要一座特殊的祭坛\u2E3A雕符祭坛。祭坛本身很好合成，它也会在地底深处的地牢内出现。雕符祭坛的合成表参见后一页，其所能进行的合成列表参见再后一页。"
        }, 
        {
            "type": "patchouli:crafting",
            "title": "合成雕符祭坛",
            "recipe": "the_afterlight:glyph_altar_crafting_recipe",
            "text": "雕符祭坛合成表如上。其所能进行的合成参见下一页。"
        },
        {
            "type": "patchouli:text",
            "title": "雕符祭坛合成表列表",
            "text": "雕符祭坛合成表列表参见$(l:http://the-afterlight.fandom.com/wiki/Glyph_Altar_Recipes)隐光之域Wiki$(/l)。"
        }                      
    ]
}