{
    "name": "远古的文明",
    "icon": "the_afterlight:lore_scrap_2",
    "category": "the_afterlight:category_5",
    "sortnum": 2,
    "pages": [
        {
            "type": "patchouli:text",
            "text": "残余的月民们建造了许多反映他们文明的建筑。包括小型图书馆、小型营地，甚至是雕符制作用的观星台。所有这些建筑都被深埋在地下，不过没人知道它们为什么会在那里。也许是月在离开之前还想着要干些什么邪恶的勾当？"
        },
        {
            "type": "patchouli:text",
            "text": "奇怪的是，地表没有任何证明月民文明存在过的遗迹，但也有传言称地表曾有过这类遗迹。有人曾说有探索者遇到了住在幽暗木小屋里的理智的月民，但好像这个传闻不很可信……或许是发生了其他的事情？"
        }   
    ]
}