{
    "name": "耀月之剑",
    "icon": "the_afterlight:geode_blade",
    "category": "the_afterlight:category_7",
    "sortnum": 1,
    "advancement": "the_afterlight:delving_into_the_dark",
    "pages": [
        {
            "type": "patchouli:text",
            "text": "耀月之剑虽然沉重，但和普通巨剑不一样。它们是用先前提到的耀月水晶制成的。当月民研究者们意识到耀月之剑蕴含的能量能伤害到月，他们就开始用耀月之剑向月发起了反抗。但是月显然不想被驱逐，这一反抗最终失败了。"
        },
        {
            "type": "patchouli:text",
            "text": "耀月之剑拥有治疗的能力。只要耗费10点经验，耀月之剑就会使用自身的力量使持有者回复5点生命。这一能力有10秒冷却时间。在潜行状态下右击来激活此能力。",
            "title": "特殊能力"
        },
        {
            "type": "patchouli:text",
            "title": "被动能力",
            "text": "除其主要能力外，耀月之剑还有一被动能力。它能给予持有者短时间的力量效果，并同时给予霉运效果。值得注意的是负面效果的持续时间比正面效果的长。每次击中敌人时有20%的概率触发这一能力。"
        },
        {  
            "type": "patchouli:text",
            "text": "耀月之剑合成表参见$(l:http://the-afterlight.fandom.com/wiki/Ancient_Crafting_Recipes)隐光之域Wiki$(/l)。合成需要一些雕符，请确保你已开始研究雕符制作的技术。",
            "title": "合成表"
        }             
    ]
}