{
    "name": "地牢战利品",
    "icon": "the_afterlight:old_pot",
    "category": "the_afterlight:category_4",
    "sortnum": 5,
    "advancement": "the_afterlight:delving_into_the_dark",
    "pages": [
        {
            "type": "patchouli:text",
            "text": "地牢和其他若干结构中藏有珍贵的战利品。更多有关地牢与战利品的知识参见后几页。说不定有时你能找到某些价值连城的护身符呢。"
        },
        {
            "type": "patchouli:text",
            "title": "罐子",
            "text": "地牢中有许多古老的罐子，敲碎它们以获得普通战利品，但有时掉出的战利品非常珍贵，包括十分稀有的古物或物品部件，具体内容参见后一页。"
        },
        {
            "type": "patchouli:text",
            "text": "地牢中时不时能找到箱子，其中装有比较珍贵的战利品。就我的观察而言，箱子里装有整锭材料，某些更为稀有的材料，甚至古物的可能性更大。",
            "title": "箱子"
        },
        {
            "type": "patchouli:text",
            "text": "月民和其他常见怪物会掉落较好的战利品。包括生命精华、默泪锭、默泪粒，以及某些骷髅会掉落的月之水晶和血石碎片。",
            "title": "怪物"
        }     
    ]
}