{
    "name": "远古锻造",
    "icon": "the_afterlight:workbench_of_ancients",
    "category": "the_afterlight:category_ancient",
    "sortnum": 2,
    "advancement": "the_afterlight:radiance",
    "pages": [
        {
            "type": "patchouli:text",
            "text": "远古锻造是月民们在被月的能力影响之前用于制造强大武器和器物的古老技艺，而这一过程需要雕符，比如耀月之剑就一般是以雕符和耀月水晶碎片作为锻造原料的。"
        },
        {
            "type": "patchouli:crafting",
            "recipe": "the_afterlight:ancient_altar_recipe",
            "title": "远古工作台",
            "text": "仪式主要围绕远古工作台展开，其合成表如上。远古工作台也会出现在某些稀有地牢内，更多信息参见后一页。"
        },
        {
            "type": "patchouli:text",
            "text": "和雕符祭坛类似，远古工作台的符文槽也接受稀有物品。仪式需要两片耀月水晶碎片的魔法能量来启动，所有仪式都一样。每种仪式都需要四种不同的雕符，虽然有时会有需要同种雕符的情况出现。" 
        },
        {
            "type": "patchouli:text",
            "text": "远古工作台合成表列表参见$(l:http://the-afterlight.fandom.com/wiki/Ancient_Crafting_Recipes)隐光之域Wiki$(/l)。其中包括月之剑、耀月之剑和元素护身符的合成表。",
            "title": "远古工作台合成表列表"
        }                           
    ]
}