{
    "name": "默泪",
    "icon": "the_afterlight:crystillium_ore",
    "category": "the_afterlight:category_3",
    "sortnum": 3,
    "advancement": "the_afterlight:delving_into_the_dark",
    "pages": [
        {
            "type": "patchouli:text",
            "text": "默泪是一种能在表层和极深的地底发现的常见矿物。烧炼出的默泪锭可以用于制作更高级别的工具和盔甲，它也可用于制作生命精华锭。"
        },
        {
            "type": "patchouli:image",
            "images": ["the_afterlight:textures/crystilliumrecipe2.png"],
            "border": true,
            "text": "默泪也可通过仪式祭坛制作，如上图。"
        }
    ]
}