{
  "name": "粉笔类型",
  "icon": "occultism:chalk_white",
  "category": "occultism:pentacles",
  "sortnum": 1,
  "pages": [
    {
      "type": "text",
      "text": "粉笔主要用于画出五芒星符文以及定义五芒星形状。不同类型的粉笔有不同作用，详细请见后面几页。符文形状的差异纯粹是装饰性的，并不影响仪式。对符文方块$(bold)重复$()使用粉笔可以切换不同的符文。$(bold)移除$()画错位置符文的最简单办法是使用$(item)粉笔擦$()。"
    },
    {
      "type": "spotlight",
      "item": "occultism:chalk_white",
      "text": "白色粉笔是最基础的仪式粉笔，被用于大多数五芒星。这种粉笔除了定义五芒星形状外没有特殊功能。"
    },
    {
      "type": "text",
      "title": "使用白色粉笔的五芒星",
      "text": "$(li)$(l:pentacles/summon_foliot)阿维亚之环$(/l)$()$(li)$(l:pentacles/craft_foliot)埃兹维斯灵体强迫$(/l)$()$(li)$(l:pentacles/possess_foliot)海德林诱惑术$(/l)$()$(li)$(l:pentacles/summon_djinni)欧菲克斯的呼唤$(/l)$()$(li)$(l:pentacles/craft_djinni)斯特里格高等束缚$(/l)$()$(li)$(l:pentacles/possess_djinni)伊哈根奴役术$(/l)$()$(li)$(l:pentacles/summon_afrit)阿巴拉斯召唤术$(/l)$()$(li)$(l:pentacles/craft_afrit)塞维拉永囚咒$(/l)$()$(li)$(l:pentacles/summon_wiild_afrit)阿巴拉斯开环召唤术$(/l)$()$(li)$(l:pentacles/craft_marid)修菲斯倒转之塔$(/l)$()$(li)$(l:pentacles/summon_wild_greater_spirit)奥索林的无约束呼唤$(/l)$()"},
    {
      "type": "spotlight",
      "item": "occultism:chalk_gold",
      "text": "金色粉笔用于束缚类符文，能使灵体灌注到物品或附身于生物。"
    },
    {
      "type": "text",
      "title": "使用金色粉笔的五芒星",
      "text": "$(li)$(l:pentacles/craft_foliot)埃兹维斯灵体强迫$(/l)$()$(li)$(l:pentacles/possess_foliot)海德林诱惑术$(/l)$()$(li)$(l:pentacles/craft_djinni)斯特里格高等束缚$(/l)$()$(li)$(l:pentacles/possess_djinni)伊哈根奴役术$(/l)$()$(li)$(l:pentacles/craft_afrit)塞维拉永囚咒$(/l)$()$(li)$(l:pentacles/craft_marid)修菲斯倒转之塔$(/l)$()"},
    {
      "type": "spotlight",
      "item": "occultism:chalk_purple",
      "text": "紫色粉笔主要用于召唤更高等的存在，比如$(thing)巨灵$()或者$(thing)火灵$()。另外，紫色粉笔还能减慢被召魔灵的灵髓衰退。"
    },
    {
      "type": "text",
      "title": "使用紫色粉笔的五芒星",
      "text": "$(li)$(l:pentacles/summon_djinni)欧菲克斯的呼唤$(/l)$()$(li)$(l:pentacles/craft_djinni)斯特里格高等束缚$(/l)$()$(li)$(l:pentacles/possess_djinni)伊哈根奴役术$(/l)$()$(li)$(l:pentacles/summon_afrit)阿巴拉斯召唤术$(/l)$()$(li)$(l:pentacles/craft_afrit)塞维拉永囚咒$(/l)$()$(li)$(l:pentacles/summon_wiild_afrit)阿巴拉斯开环召唤术$(/l)$()$(li)$(l:pentacles/summon_wild_greater_spirit)奥索林的无约束呼唤$(/l)$()"},
    {
      "type": "spotlight",
      "item": "occultism:chalk_red",
      "text": "红色粉笔用于召唤最强大和危险的存在，比如$(thing)魔王$()。红色粉笔的合成需要用到$(l:rituals/summoning/afrit_essence)火灵灵髓$(/l)。"
    },
    {
      "type": "text",
      "title": "使用红色粉笔的五芒星",
      "text": "$(li)$(l:pentacles/summon_afrit)阿巴拉斯召唤术$(/l)$()$(li)$(l:pentacles/craft_marid)修菲斯倒转之塔$(/l)$()"
    }
  ]
}
