{
  "name": "pentacle.occultism.craft_djinni",
  "icon": "occultism:textures/gui/book/pentagram_rose.png",
  "category": "occultism:pentacles",
  "sortnum": 21,
  "pages": [
    {
      "type": "text",
      "text": "$(bold)目标：$()束缚巨灵$(br2)$(thing)斯特里格高等束缚$()是一种新手魔法师不应尝试的、用于将巨灵束缚进物体中的五芒星。在魔灵同调水晶的支撑和蜡烛的稳定下，该五芒星非常适于将魔灵永久灌注在物品中。"},
    {
      "type": "multiblock",
      "name": "",
      "multiblock_id": "occultism:pentacle.craft_djinni"
    },
    {
      "type": "text",
      "title": "用途",
      "text": "$(li)$(l:rituals/crafting/craft_infused_pickaxe)灌注镐$(/l)$() $(li)$(l:rituals/crafting/craft_soul_gem)灵魂宝石$(/l)$() $(li)$(l:rituals/crafting/craft_familiar_ring)使魔之戒$(/l)$() $(li)$(l:rituals/crafting/craft_dimensional_matrix)维度矩阵$(/l)$() $(li)$(l:rituals/crafting/craft_storage_remote)存储访问器$(/l)$() $(li)$(l:rituals/crafting/craft_stabilizer_tier2)等级 2 存储稳定器$(/l)$() $(li)$(l:rituals/crafting/craft_dimensional_mineshaft)维度矿井$(/l)$() $(li)$(l:rituals/crafting/craft_miner_spirits)巨灵掘矿者$(/l)$()"}
  ]
}
