{
  "name": "火焰弹",
  "icon": "minecraft:fire_charge",
  "category": "thermal:charges",
  "read_by_default": true,
  "pages": [
    {
      "type": "text",
      "text": "火焰弹是一种来自原版 Minecraft ，但在热力系列的加持下被赋予新用的物品。将原料与火焰弹在工作台中合成，便可打造出合金等一些原本仰仗机器处理才能获得的物品和方块。"
    },
    {
      "type": "crafting",
      "recipe": "minecraft:fire_charge",
      "title": "火焰弹"
    }
  ]
}