{
	"name": "凋零升级",
	"category": "upgrades",
	"icon": "minecraft:wither_skeleton_skull",
	"pages": [
		{
			"type": "spotlight",
			"item": "minecraft:wither_skeleton_skull",
			"text": "从下界烧焦的骷髅上取下的头骨，可以用来腐蚀骨骼盔甲，大大改善它。那些穿戴全套凋零装备的人将被隐藏在周围的不死生物中，并且拥有防凋零。"
		},
		{
			"type": "smithing",
			"recipe": "craftandhunt:bone_upgraded_to_wither_helmet",
			"recipe2": "craftandhunt:bone_upgraded_to_wither_chestplate"
		},
		{
			"type": "smithing",
			"recipe": "craftandhunt:bone_upgraded_to_wither_leggings",
			"recipe2": "craftandhunt:bone_upgraded_to_wither_boots"
		},
		{
			"type": "spotlight",
			"item": "minecraft:beacon",
			"text": "凋零装备可以升级到更强的程度，变成凋零之魂装备。这是一个漫长而艰难的过程，需要四个信标才能完成。但最终的成果是盔甲比钻石更坚固，具有凋零盔甲的所有效果，同时还能使攻击穿戴者的敌人受到凋零效果。"
		},
		{
			"type": "smithing",
			"recipe": "craftandhunt:wither_upgraded_to_u_wither_helmet",
			"recipe2": "craftandhunt:wither_upgraded_to_u_wither_chestplate"
		},
		{
			"type": "smithing",
			"recipe": "craftandhunt:wither_upgraded_to_u_wither_leggings",
			"recipe2": "craftandhunt:wither_upgraded_to_u_wither_boots"
		}
	]
}