{
  "name": "分类路线规划",
  "icon": "minecraft:written_book",
  "category": "routing",
  "pages": [
    {
      "type": "text",
      "text": "当使用比较器（COMPARATOR）路线规划时，矿车只会在其信号大于输入时变道。 $(br2) ROUTING {$(br)  COMPARATOR {$(br)    10$(br)  }$(br)}"
    },
    {
      "type": "text",
      "text": "当使用骑乘者（RIDER）路线规划时，矿车只会在其骑乘者数量大于输入时变道。 $(br2) ROUTING {$(br)  RIDERS {$(br)    0$(br)  }$(br)}"
    },
    {
      "type": "text",
      "text": "当使用骑乘者名称（NAME）路线规划时，矿车只会在其名称与任何给出名称相符时变道。矿车的名称可以用铁砧给予。 $(br2) ROUTING {$(br)  NAME{$(br)    \"HOME\"$(br)    \"MINE\"$(br)  }$(br)}"
    }
  ]
}