{
  "name": "路线规划基础",
  "icon": "minecraft:written_book",
  "category": "routing",
  "sortnum": -1,
  "priority": true,
  "pages": [
    {
      "type": "text",
      "text": "你首先需要获得书与笔才能编写路线规划书。注：你可以在书中写下很多页的路线规划，只有翻开的页面会影响路线。"
    },
    {
      "type": "text",
      "text": "格式规范包括：$(li)所有的页面必须以 `ROUTING {` 开始，并以 '}'$() $(li) 结尾。方法也需要 { 和名称在同一行，且每一个输入都要新开一行。$() $(li)字符串变量的开头和结尾需要加上引号$()。"
    }
  ]
}
