{
  "name": "pentacle.occultism.craft_foliot",
  "icon": "occultism:textures/gui/book/pentagram_rose.png",
  "category": "occultism:pentacles",
  "sortnum": 11,
  "pages": [
    {
      "type": "text",
      "text": "$(bold)目标：$()束缚魔精$(br2)作为一种简单的束缚五芒星，$(thing)埃兹维斯灵体强迫$()常用于初次进行低阶魔灵的物品灌注。这一附魔过程会通过稳定蜡烛和魔灵同调宝石固定下来。"
    },
    {
      "type": "multiblock",
      "name": "",
      "multiblock_id": "occultism:pentacle.craft_foliot"
    },
    {
      "type": "text",
      "title": "用途",
      "text": "$(li)$(l:rituals/crafting/craft_otherworld_goggles)灌注镜片$(/l)$()$(li)$(l:rituals/crafting/craft_satchel)意外结实的背包$(/l)$()$(li)$(l:rituals/crafting/craft_storage_controller_base)存储促动器基座$(/l)$()$(li)$(l:rituals/crafting/craft_stable_wormhole)稳定虫洞$(/l)$()$(li)$(l:rituals/crafting/craft_stabilizer_tier1)等级 1 存储稳定器$(/l)$()$(li)$(l:rituals/crafting/craft_miner_spirits)魔精矿工$(/l)$()"}
  ]
}
