{
  "name": "岩石人",
  "icon": "thermal:basalz_rod",
  "category": "thermal:mobs",
  "read_by_default": true,
  "pages": [
    {
      "type": "3_item_page",
      "title": "岩石人",
      "item1": "thermal:basalz_rod",
      "item2": "thermal:basalz_powder",
      "item3": "thermal:basalz_spawn_egg",
      "text": "岩石人通常出没于贫瘠或多山的生物群系，拥有 20 点生命值，近战攻击伤害达 8 点，而对于远距离的目标则会发射能够造成 7 点伤害并对其施加“割裂”效果的飞弹。击杀岩石人将有几率掉落岩石裂骸，可通过合成栏或磨粉机处理得到岩石粉。"
    },
    {
      "type": "entity",
      "entity": "thermal:basalz",
      "title": "Basalz",
      "text": "割裂：每级削减 25% 护甲值。"
    }
  ]
}