{
  "name": "流体单元",
  "icon": "thermal:fluid_cell",
  "category": "thermal:storage",
  "read_by_default": true,
  "flag": "mod:thermal_expansion",
  "pages": [
    {
      "type": "text",
      "text": "流体单元可用以存储与输出流体，具有可设置的自动输入及输出功能。初始状态下的流体单元拥有 128,000mB 的总流体储量以及 8,000mB/t 的最大出入功率，可以使用增强来提升这些性能数值。流体单元无法同时存储多种流体。可以通过比较器来呈现当前的流体存储程度，信号输出与存储程度成正比。"
    },
    {
      "type": "crafting",
      "recipe": "thermal:fluid_cell_frame",
      "recipe2": "thermal:fluid_cell"
    },
    {
      "type": "text",
      "text": "在流体单元的界面中对其进行传输功率调整的操作与红石通量单元相仿，在$(l:thermal:storage_and_transport/storage/energy_cell#fine_tune_rule)这里$(/l)可以阅览相关页面。"
    },
    {
      "type": "text",
      "text": "可以持桶右击流体单元进行流体转移。注意：因当前的 Forge 版本存在的问题，持空桶尝试取出实际无法桶装的流体时，操作不会被阻止，但 1,000mB 的流体会直接损失。"
    },
    {
      "type": "text",
      "title": "兼容增强",
      "text": "$(li)$(l:thermal:technology/augments/integral_components)整合组件$(/l)$(li)$(l:thermal:technology/augments/fluid_tank)液槽扩容升级$(/l)"
    }

  ]
} 