{
  "title": "特性",
  "text": [
    { "text": "• 每个矿石多出产6粒量的矿物" },
    { "text": "\n• 矿石中还会产出副产物" },
    { "text": "\n• 熔铸炉无法进行合金⸺这是飞跃性的进步， 你不必担心不小心把材料混到一起了" },
    { "text": "\n• 可容纳多种金属材料" },
    { "text": "\n• 储量可拓展" },
    { "text": "\n• 储量可比什么低级的冶炼炉大得多" },
    { "text": "\n• 可以熔炼有多种产出的方块" },
    { "text": "\n• 燃料效率取决于大小" },
    { "text": "\n• 对于纯下界生存以及大量多种流体的储存 十分有用" }
  ]
}
