{
  "__comment__": "This file was automatically created by mcresources",
  "name": "黄麻",
  "category": "tfc_ie_addon:tfc_ie_changes",
  "icon": "tfc:jute_fiber",
  "pages": [
    {
      "type": "patchouli:spotlight",
      "item": "tfc:jute_fiber",
      "title": "黄麻",
      "link_recipes": false,
      "text": "工业大麻是一种值得注意的植物，但今天我们要谈论的是$(thing)黄麻$()！黄麻不仅种子可用于生产$(thing)生物柴油$()，其$(thing)黄麻纤维$()还可用于生产$(thing)粗麻布$()，粗麻布是坚韧布料的替代品。种子可以通过收割$(l:the_world/wild_crops)野黄麻$()来获得。"
    },
    {
      "type": "tfc:loom_recipe",
      "recipe": "tfc:loom/burlap_cloth",
      "text": "与坚韧布料类似，$(thing)粗麻布$()是一种由$(thing)黄麻纤维$()制成的弹性织物。它被用来制作$(thing)改良风车叶片$()，$(thing)气球$()还有$(thing)气垫$()。"
    }
  ],
  "read_by_default": true,
  "sortnum": 6
}