{
  "__comment__": "This file was automatically created by mcresources",
  "name": "钢铁制造",
  "category": "tfc_ie_addon:tfc_ie_changes",
  "icon": "tfc:metal/ingot/steel",
  "pages": [
    {
      "type": "patchouli:text",
      "text": "在群峦世界中，制作一个$(l:mechanics/steel)钢锭$()并不那么容易。现在，你必须按照从$(thing)生铁$()到$(thing)钢$()的整个过程来锻造钢锭。幸运的是，这个过程以后可以简化。"
    },
    {
      "type": "patchouli:spotlight",
      "item": "immersiveengineering:slag",
      "link_recipes": false,
      "text": "此外，现在你在锻打$(thing)生铁锭$()获取$(thing)高碳钢锭$()的同时可以得到$(thing)矿渣$()。"
    }
  ],
  "read_by_default": true,
  "sortnum": 9,
  "extra_recipe_mappings": {
    "immersiveengineering:slag": 0
  }
}