{
  "name": "修菲斯倒转之塔",
  "icon": "occultism:textures/gui/book/pentagram_rose.png",
  "category": "occultism:pentacles",
  "sortnum": 51,
  "pages": [
    {
      "type": "text",
      "text": "$(bold)目标：$()束缚魔王$(br2)$(thing)修菲斯倒转之塔$()是少数能将$(thing)魔王$()束缚进物体的五芒星之一。任何涉及$(thing)魔王$()的仪式都只应该由最有经验的魔法师进行。"},
    {
      "type": "multiblock",
      "name": "",
      "multiblock_id": "occultism:pentacle.craft_marid"
    },
    {
      "type": "text",
      "title": "用途",
      "text": "$(li)$(l:rituals/crafting/craft_stabilizer_tier4)等级 4 存储稳定器$(/l)$()"
    }
  ]
}
