{
  "name": "五芒星概论",
  "icon": "occultism:textures/gui/book/pentagram_rose.png",
  "category": "occultism:pentacles",
  "sortnum": 0,
  "pages": [
    {
      "type": "text",
      "text": "本章中的$(thing)五芒星$()可以指任何形状的仪式图案，不只是五个角的星形。五芒星用于召唤并束缚来自$(thing)异世界$()的魔灵。五芒星同时作为呼唤那些实体的设备、魔法师指令强制力的增幅器和防止魔灵攻击魔法师的保护环。"},
    {
      "type": "text",
      "text": "每个五芒星的构成都有共通之处，包括中央的黄金献祭之碗，围绕碗的各色符文、通过多种方式提升最终效果的神秘学设备。选用的具体符文、支持物品的种类以及二者的精确空间位置决定了五芒星的用途和效果。进行仪式的材料则需要放在五芒星附近的$(thing)献祭之碗$()中。"},
    {
      "_comment": "exact duplicate of this is in first_ritual.json",
      "type": "image",
      "border": "true",
      "images": [
        "occultism:textures/gui/book/bowl_placement.png"
      ]
    },
    {
      "_comment": "exact duplicate of this is in first_ritual.json",
      "type": "text",
      "text": "$(thing)献祭之碗$()必须放在中央$(thing)黄金献祭之碗$() 8 格内的$(bold)任意位置$()。也就是说，具体位置并不重要。"
    },
    {
      "type": "text",
      "title": "召唤五芒星",
      "text": "这类五芒星的目标是将魔灵以其自选的形态召唤进世界。这种方法召唤的魔灵承受着强力的灵髓衰退，只有非常强大的魔灵能长期维持存在。"
    },
    {
      "type": "text",
      "title": "灌注五芒星",
      "text": "灌注五芒星能将魔灵束缚进物体之中。这种方法中，尽管魔灵有时候也受灵髓衰退之苦，这种衰退可以通过正确设置五芒星以及在物体中嵌入水晶和贵金属避免。"
    },
    {
      "type": "text",
      "title": "附身五芒星",
      "text": "这种五芒星强迫魔灵附身于特定生物。取决于仪式的不同，这会使魔法师能控制该生物的多种不同属性，包括其力量、其掉落物，一些例子中还能实现完全控制。"
    }
  ]
}
