{
  "name": "法特玛极效引诱",
  "icon": "occultism:textures/gui/book/pentagram_rose.png",
  "category": "occultism:pentacles",
  "sortnum": 40,
  "pages": [
    {
      "type": "text",
      "text": "$(bold)目标：$()召唤魔王$(br2)$(thing)法特玛极效引诱$()是一种强大的五芒星，能够按照魔法师的意愿召唤并约束魔王。"
    },
    {
      "type": "multiblock",
      "name": "",
      "multiblock_id": "occultism:pentacle.summon_marid"
    },
    {
      "type": "text",
      "title": "用途",
      "text": "$(li)$(l:rituals/summoning/summon_crusher)魔王碎矿者$(/l)$()"
    }
  ]
}
