{
    "name": "远古木",
    "icon": "naturesaura:ancient_leaves",
    "category": "creating",
    "advancement": "naturesaura:wood_stand",
    "pages": [
        {
            "type": "text",
            "text": "补充局部$(#419600)灵气$()的一个基本方法是种植$(item)远古木$()。一旦$(item)远古木树苗$()被种下了，它会像一般的树一样生长，但是它的叶片会缓慢地将周围的$(#419600)灵气$()恢复到正常水平。$(br)但是，在这个过程中，树本身就不太走运了：当树叶中的$(#419600)灵气$()被抽取殆尽，它的叶片就会开始腐败，最后使树变得仅剩枝干。"
        },
        {
            "type": "text",
            "text": "还应指出的是，虽然这种树在地狱般的区域里会因为颜色十分搭配而看起来特别美丽，它$(italic)并不会$()在$(thing)主世界$()之外工作，因为主世界是植物能以合适方式成长的唯一区域。"
        },
        {
            "type": "naturesaura:tree_ritual",
            "text": "使用$(l:practices/tree_ritual)森林仪式$()来制作$(item)远古木树苗$()",
            "recipe": "naturesaura:ancient_sapling"
        },
        {
            "type": "crafting",
            "recipe": "naturesaura:ancient_planks",
            "recipe2": "naturesaura:ancient_stick"
        }
    ]
}
