{
    "name": "草食性吸收器",
    "icon": "naturesaura:flower_generator",
    "category": "creating",
    "advancement": "naturesaura:infused_materials",
    "pages": [
        {
            "type": "text",
            "text": "众所周知，一类必定含有大量$(#419600)灵气$()的世俗物品是各种$(item)花$()。$(item)草食性吸收器$()利用了这一点，将其放置在地上，草食性吸收器就会消耗周围的任何小花，并将其能量转换为$(#419600)灵气$()。"
        },
        {
            "type": "text",
            "text": "提醒一下，一直向它提供同一种花会使其失去消耗这种花产生$(#419600)灵气$()的能力。$(br)这就意味着，如果要提高它的效率，就需要给它逐个提供$(thing)不同种类$()的花。$(br)要使吸收器达到最高效率，需要大约六种不同的花。"
        },
        {
            "type": "text",
            "text": "此外，需要说明的是，由于提供给吸收器的种种花朵自然情况下只会出现在$(thing)主世界$()领域，这个机器也只会在那运作。在其他领域，例如更$(thing)地狱般$()的区域，这个机器不会产生效果。"
        },
        {
            "type": "crafting",
            "recipe": "naturesaura:flower_generator",
            "text": "制造$(item)草食性吸收器$()"
        }
    ]
}
