{
    "name": "灵气制造",
    "icon": "naturesaura:gold_leaf",
    "category": "creating",
    "advancement": "naturesaura:wood_stand",
    "priority": true,
    "pages": [
        {
            "type": "text",
            "text": "$(thing)制造$()$(#419600)灵气$()是使用灵气的魔法植物学家很快就需要做的事情。在进入正题之前，需要注意的是，存在很多唯一目的就是制造$(#419600)灵气$()的$(thing)设备$()，读者可以在之后的文章中发现它们。默认情况下，大多数这些设备的$(#419600)灵气$()$(thing)制造强度$()不能制造超过$(l:items/eye)环境之眼$()的测量范围的$(#419600)灵气$()。"
        },
        {
            "type": "text",
            "text": "一旦区域内的$(#419600)灵气$()接近了这个上限，制造设备就会开始各行其是。有的会完全关闭，有的会继续之前的行为，但不会产生$(#419600)灵气$()。当然，它们可以使用$(l:devices/aura_detector)灵气检测器$()或类似的装置手动关闭。$(p)在更后面，它们的这种行为也能通过$(l:creating/generator_limit_remover)制造催化剂$()来改变。"
        }
    ]
}
