{
    "name": "酿造者仪式",
    "icon": "naturesaura:potion_generator",
    "category": "creating",
    "advancement": "naturesaura:sky_ingot",
    "pages": [
        {
            "type": "text",
            "text": "如同尘归尘，土归土，$(#419600)灵气$()和等价的魔法的$(item)药水$()之间也能实现类似的自然转换。特别地，$(item)滞留型药水$()有着特定的魔法能力，使人们可以提取其中的效果并将其高效地转换为$(#419600)灵气$()。$(p)要实现这点，仅需建造一个下一页中描述的$(item)酿造者仪式$()。"
        },
        {
            "type": "text",
            "text": "然后，在附近扔下一个带有正面持续效果的$(item)滞留型药水$()，这会导致药水的效果被消耗并被转换为$(#419600)灵气$()。无需多言，效果的时长和等级越好，产生的$(#419600)灵气$()越多。$(br)但是注意，一次只能转换一种效果，同时向仪式投掷多个药水只会导致药水中的力量被浪费。"
        },
        {
            "type": "multiblock",
            "multiblock_id": "naturesaura:potion_generator",
            "text": "以$(item)滞留吸收器$()为中心搭建的$(item)酿造者仪式$()"
        },
        {
            "type": "crafting",
            "recipe": "naturesaura:potion_generator",
            "text": "制作$(item)滞留吸收器$()"
        }
    ]
}
