{  "components": [    {      "type": "header",      "text": "#title",      "x": -1,      "y": -1    },    {      "type": "item",      "item": "#item1",      "framed": true,      "link_recipe": true,      "x": 20,      "y": 15    },    {      "type": "item",      "item": "#item2",      "framed": true,      "link_recipe": true,      "x": 50,      "y": 15    },    {      "type": "item",      "item": "#item3",      "framed": true,      "link_recipe": true,      "x": 80,      "y": 15    },    {      "type": "text",      "text": "#text",      "x": 0,      "y": 35    }  ]}