{
  "name": "具翼使魔",
  "icon": "occultism:textures/gui/book/otherworld_bird.png",
  "category": "occultism:rituals/familiars",
  "sortnum": 30,
  "pages": [
    {
      "type": "entity",
      "entity": "occultism:otherworld_bird",
      "text": "$(bold)提供$()：$(thing)多段跳$()、$(thing)跳跃提升$()、$(thing)缓降$()"
    },
    {
      "type": "occultism:ritual",
      "recipe": "occultism:ritual/familiar_otherworld_bird"
    },
    {
      "type": "text",
      "text": "$(thing)具翼$()是$(thing)巨灵$()的亚种，以对人类友好闻名。它们通常以深蓝色和紫色鹦鹉的形象出现。具翼在附近时会为主人提供有限的飞行能力。"
    },
    {
      "type": "text",
      "text": "要获取献祭用的鹦鹉或鹦鹉使魔，请考虑使用$(l:rituals/summoning/summon_wild_parrot)野生鹦鹉仪式$(/l)或者$(l:rituals/familiars/familiar_parrot)鹦鹉使魔仪式$(/l)召唤它们。$(bold)提醒：$()如果你用了含宠物死亡保护的模组，请使用野生鹦鹉仪式！"}
  ]
}

