{
  "name": "深层流光",
  "icon": "buddycards:deep_luminis",
  "category": "buddycards:luminis",
  "sortnum": 2,
  "pages": [
    {
      "type": "spotlight",
      "item": "buddycards:deep_luminis_crystal",
      "text": "深层流光是流光的一种稀有变种。它可以在大约1/33的流光矿石中找到，但并不总是这样，这个概率会根据你的装备和饰品发生变化。你也可以通过引爆流光块来获得它，尽管这有些昂贵。"
    },
    {
      "type": "smelting",
      "recipe": "buddycards:deep_luminis",
      "text": "就像普通的流光一样，当被熔炼时深层流光凝固并开始发出光芒。虽然这种流光并不能作用于巴迪卡牌，但因为它的流光浓度很高，可以用来升级巴迪钢。"
    },
    {
      "type": "crafting",
      "recipe": "buddycards:block_deep_luminis",
      "recipe2": "buddycards:deep_luminis_block"
    }
  ]
}