{
  "name": "流光",
  "icon": "buddycards:luminis",
  "category": "buddycards:luminis",
  "sortnum": 0,
  "pages": [
    {
      "type": "spotlight",
      "item": "buddycards:luminis_crystal",
      "text": "流光可以偶尔在世界上较低的地方被发现。在基岩上方约20个方块内流光矿是很常见的，矿石会掉落流光碎片。而在水晶矿石形态中，它往往会发出微弱的辉光。"
    },
    {
      "type": "smelting",
      "recipe": "buddycards:luminis",
      "text": "在熔炼后，流光凝固并发出光芒。这种材料的存在被认为是闪亮的巴迪卡牌闪闪发光的原因，它也有助于制作完美巴迪钢。"
    },
    {
      "type": "crafting",
      "recipe": "buddycards:block_luminis",
      "recipe2": "buddycards:luminis_block"
    }
  ]
}