{
  "title": "工具信息",
  "text": [
    { "text": "所有种类的小型工具都可以在工匠站或工匠砧上合成。它们需要2到3个部件来制作，并自带2到3种属性。大部分的小型工具初始自带1个能力槽和3个升级槽。" },
    { "text": "大部分的工具都有一个攻击力加成，并和顶端部件属性值进行加算，和手柄部件属性值进行乘算。另外，有些工具还自带攻击系数，能够将工具上所有来源的攻击力进行加成，包括强化升级获得的攻击力。有些工具还自带一些工具属性，这些属性对特定的工具有效，性质和材料属性类似。", "paragraph": true }
  ]
}
