{
  "name": "幸运评级",
  "icon": "minecraft:potion{Potion: \"buddycards:grading_luck\"}",
  "category": "buddycards:items",
  "sortnum": 7,
  "pages": [
    {
      "type": "spotlight",
      "item": "minecraft:potion{Potion: \"buddycards:grading_luck\"}",
      "text": "如果想在卡牌评级时提高概率，『幸运评级』在评分时会给你一个小小的提升。一瓶『幸运评级』可以在『粗制的药水』上使用紫砺酿造而成。$(br2)人们认为，一张卡片中紫砺的百分比决定了它的等级。",
      "link_recipe": true
    }
  ]
}