{
  "name": "评级卡套",
  "icon": "buddycards:grading_sleeve",
  "category": "buddycards:items",
  "sortnum": 4,
  "pages": [
    {
      "type": "text",
      "text": "现在我已经提醒过你了！评级卡套不适合为休闲巴迪卡牌收藏家。$(br2)评级卡套允许你主手拿着一张未分级的卡，用副手的评级卡套给卡打分。未分级卡获得5个等级中的1个。"
    },
    {
      "type": "crafting",
      "recipe": "buddycards:grading_sleeve",
      "text": "评级卡套相对便宜，你也可以在村庄、堡垒、末地城、沉船和埋藏的宝藏中找到。"
    },
    {
      "type": "spotlight",
      "title": "Grade D",
      "item": "buddycards:card.1.1{\"grade\":1}",
      "text": "当你为卡牌评级时，等级 D 是最常见的等级。 $(br2)这些卡牌低于平均质量且相当普通。约 2/5 的概率得到这个等级的卡牌。"
    },
    {
      "type": "spotlight",
      "title": "Grade C",
      "item": "buddycards:card.1.1{\"grade\":2}",
      "text": "当你为卡牌评级时，等级 C 是第二常见的等级。 $(br2)这些卡牌处于平均质量且很普通。约 8/25 的概率得到这个等级的卡牌。"
    },
    {
      "type": "spotlight",
      "title": "Grade B",
      "item": "buddycards:card.1.1{\"grade\":3}",
      "text": "等级 B 是较容易获得的高质量巴迪卡牌等级之一。$(br2)这些卡片的质量高于平均水平，但并不难找到。大约有9/50的卡片是等级 B 的。"
    },
    {
      "type": "spotlight",
      "title": "Grade A",
      "item": "buddycards:card.1.1{\"grade\":4}",
      "text": "找到一张等级 A 的巴迪卡牌是一件值得骄傲的事情。$(br2)这些卡片质量几乎完美，它们都很难被找到。大约1/10的巴迪卡牌是等级 A。"
    },
    {
      "type": "spotlight",
      "title": "Grade S",
      "item": "buddycards:card.1.1{\"grade\":5}",
      "text": "等级 S 的卡牌是你所能找到的最具价值的巴迪卡牌。即使获得一张都值得骄傲，相比其它卡牌它是无价的。$(br2)这些崭新般的卡牌有着完美的质量，有着1/500这样几乎不可能找到的概率。"
    }
  ]
}