{
	"name": "象牙种子",
	"category": "offhand",
	"icon": "craftandhunt:textures/item/ivory_seed.png",
	"pages": [
		{
			"type": "text",
			"text": "没有人真正知道他们能否获得更多，但这是一件好事。这些种子不同于任何树木或植物，由于其奇特的生长方式，也被称为“死尸之种”。当位于副手上时，持有者可以在战斗中将种子植入目标的体内。大约一分钟后，无论将种子植入何物，随着树木生长出来，那些目标都将死去。"
		}
	]
}