{
  "name": "能量卡",
  "sortnum": 3,
  "category": "laserio:cards",
  "icon": "laserio:card_energy",
  "pages": [
    {
      "type": "patchouli:text",
      "text": "能量卡用于在不同存储空间之间传输能量，如机器和电池。$(br2)能量卡的机制和其他几种物流卡略有不同，并将在之后几页详细介绍。"
    },
    {
      "type": "patchouli:text",
      "text": "与需要超频器才能每20刻内运行多次的物品卡和流体卡不同，能量卡在默认情况下就能每刻都运行。$(br2)FE/tick数值（最大值）与超频器数量关系：$(br)$(li)0 超频器：  1,000 FE/t$(li)1 超频器：  4,000 FE/t$(li)2 超频器： 16,000 FE/t$(li)3 超频器： 32,000 FE/t$(li)4 超频器：100,000 FE/t"
    },
    {
      "type": "patchouli:text",
      "text": "能量卡有一个“能量限制（%）”设置——默认情况下，处于存入或存储模式时为100%，而处于提取模式时为0%。处于存入或存储模式时，该值代表输入的能量占总存量的最大占比。$(br2)例如：若毗邻方块最多能存有1,000,000 FE，将该值设为50%，则节点最多会将其充能至500,000 FE。"
    },
    {
      "type": "patchouli:text",
      "text": "处于提取模式时，该值代表余下的能量占比。$(br2)例如：若你从能存有1,000,000 FE的能力单元中提取能量，将该值设为25%，则节点不会在能量低于或等于250,000 FE时继续提取。"
    },
    {
      "type": "patchouli:text",
      "text": "技术性注释：FE能量系统支持某一能量单元存有最多MAXINT FE（大约21.4亿 RF/2.14 GRF）。若你装有类似龙之进化（Draconic Evolution）或通用机械（Mekanism）的模组，它们通过“改变”FE系统的工作方式使自己的能量单元可存有大于该值的能量。这就导致该数值对可存有大于2.14 GRF的能量单元无效。非常抱歉！:)"
    },
    {
      "type": "patchouli:crafting",
      "title": "能量卡",
      "recipe": "laserio:card_energy"
    }
  ]
}