{
  "name": "传输数量",
  "sortnum": 7,
  "category": "laserio:mechanics",
  "icon": "laserio:textures/gui/buttons/modeextractor.png",
  "pages": [
    {
      "type": "patchouli:text",
      "text": "传输数量仅在提取和存储模式可用。$(br2)该设置决定单次运行提取所少物品、流体或能量。$(br2)例如，若设为每20刻传输8个物品，提取卡就会每20刻一次性提取8个物品。"
    },
    {
      "type": "patchouli:text",
      "text": "提取卡和存储卡默认情况下为1，最大值为8，装有$(l:laserio:overclocker_card)物流卡超频器$(/l)时该值范围不同。传输数量最大值与超频器数量关系如下：$(br)1. 16$(br)2. 32$(br)3. 48$(br)4. 64$(br2)若想要一次提取64个物品，你需要装入4个超频器。"
    },
    {
      "type": "patchouli:text",
      "text": "左击传输数量增加1，右击减少1。按住Shift点击会以10的倍数调整传输数量，按住Ctrl则以64的倍数进行调整。$(br2)当然也可以同时按住Shift和Ctrl，以640的倍数进行调整。$(br2)例如，按住Shift右击会将传输数量减少10。"
    }
  ]
}