{
  "name": "计数过滤器",
  "sortnum": 2,
  "category": "laserio:filters",
  "icon": "laserio:filter_count",
  "pages": [
    {
      "type": "patchouli:text",
      "text": "计数过滤器可设置给定数量的物品，其在不同模式的物流卡中效用不同。$(br2)堆叠数可为1到4096间任意整数。左击增加堆叠数，右击减少堆叠数。按住Shift或Ctrl会分别以10或64的倍数进行调整。"
    },
    {
      "type": "patchouli:text",
      "text": "若计数过滤器处于存储卡中，其会尝试在对应存储空间内保有给定数量的资源。例如，在箱子内存有64个圆石就是由设定为64个圆石的计数过滤器控制的。$(br2)若计数过滤器处于存入卡中，其会限制存入物品的数量。"
    },
    {
      "type": "patchouli:text",
      "text": "若计数过滤器处于提取卡中，其会在存储空间中余下给定数量的物品。例如，如果将设为8个圆石的过滤器放入提取卡中，其便会将对应箱子内除8个圆石外的所有物品提出。$(br2)计数过滤器没有允许和阻止按钮，阻止模式对计数过滤器来讲没有意义。所有计数过滤器都是“允许模式”。JEI相关操作与$(l:laserio:filter_basic)基础过滤器$(/l)一致。"
    }
  ]
}