{
  "name": "激光扳手",
  "icon": "laserio:laser_wrench",
  "sortnum": 1,
  "category": "laserio:items",
  "pages": [
    {
      "type": "patchouli:text",
      "text": "激光扳手主要用于连接不同节点和连接器。可先潜行时右击$(br2)$(l:laserio:laser_node)节点$(/l)或$(l:laserio:laser_connector)连接器$(/l)将其设置为基点，再右击另一方块构建连接。$(br2)连接的最大距离为8格。"
    },
    {
      "type": "patchouli:image",
      "title": "激光扳手",
      "images": [
        "laserio:textures/book/entries/laser_wrench.png"
      ],
      "border": true,
      "text": "当前选中的方块高亮为绿色。"
    },
    {
      "type": "patchouli:crafting",
      "title": "激光扳手",
      "recipe": "laserio:laser_wrench"
    }
  ]
}