{
  "name": "能量限制",
  "sortnum": 10,
  "category": "laserio:mechanics",
  "icon": "laserio:card_energy",
  "pages": [
    {
      "type": "patchouli:text",
      "text": "能量限制仅在能量卡中可用。该值决定毗邻的能存储能量的方块的可操作能量百分比限制$(br2)该值共有两种理解方式，存储和存入模式下是存入百分比，提取模式下是提取百分比。"
    },
    {
      "type": "patchouli:text",
      "text": "$(l)存入限制$()$(br2)默认情况下，该值为100%。该值表示将目标能量槽填充至多少百分比。$(br2)例如：若对应能量槽能保有1,000,000 FE，将该值设为50%，节点会仅将其填充至500,000 FE。$(br2)默认值（100%）会将其充满。"
    },
    {
      "type": "patchouli:text",
      "text": "$(l)提取限制$()$(br2)默认情况下，该值为0%。该值表示在目标能量槽中余下多少百分比。$(br2)例如：若对应能量槽能保有1,000,000 FE，将该值设为50%，节点会提取至槽内仅余500,000 FE，并且不会再提取。$(br2)默认值（0%）会提出所有能量。"
    }
  ]
}