{
  "name": "优先级",
  "sortnum": 3,
  "category": "laserio:mechanics",
  "icon": "laserio:textures/gui/buttons/modeinserter.png",
  "pages": [
    {
      "type": "patchouli:text",
      "text": "优先级仅在存入模式可用。$(br2)优先级使你能控制各卡运行的顺序。默认情况下，存入模式物流卡遵循“最近优先”原则，也即提出的物品等会优先存入距离最近的存储空间。"
    },
    {
      "type": "patchouli:text",
      "text": "修改存入模式物流卡的优先级设置，就能调整哪个存储空间优先被存入。优先级最高的存入模式物流卡第一个输出物品，例如：优先级10比优先级0高，优先级0又比优先级-10高。$(br2)同优先级的存储空间遵循“最近优先”原则。"
    },
    {
      "type": "patchouli:text",
      "text": "左击优先级增加1，右击减少1。按住Shift点击会以10的倍数调整优先级，按住Ctrl则以64的倍数进行调整。$(br2)当然也可以同时按住Shift和Ctrl，以640的倍数进行调整。$(br2)例如，按住Shift右击会将优先级减少10。"
    }
  ]
}