{
  "name": "储液桶",
  "category": "delivery:packaging",
  "icon": "delivery:barrel_tier_1",
  "sortnum": 4,
  "pages": [
    {
      "type": "spotlight",
      "item": "delivery:barrel_tier_1",
      "title": "储液桶",
      "text": "储液桶是唯一一种可用以交付流体订单的器具，同纸板盒一样拥有 6 个等级。$(br)放置储液桶并手持桶右击之即可灌入流体，亦可通过流体管道向桶顶部导入流体。"
    },
    {
      "type": "text",
      "text": "可使用$(l:packaging/packager)打包机$(/l)自动为储液桶灌入流体。$(br)经破坏而掉落的储液桶不会丢失其内容流体，将其放入$(l:drone_delivery/drone_pad)无人机平台$(/l)即可被无人机所递交。"
    }
  ]
}