{
  "title": "操作方式",
  "text": [
    {
      "text": "1：这三个槽位是用来放被熔炼的物品的。可以是矿石、锭，或是任何你打算熔炼的东西！"
    },
    {
      "text": "2：这里是展示熔融材料的地方。每个熔化炉中只能同时装有一种材料。",
      "paragraph": true
    },
    {
      "text": "3：这是显示燃料的地方。如果下方是加热器，GUI会与图示一致，该槽位接受任何燃料。如果下方是燃料储罐，则该处会显示为一根内有燃料的竖条。",
      "paragraph": true
    }
  ]
}
