{
    "title": "入门熔炼术",
    "text": [{
            "text": "好了，Selena教你冶炼用的材料都是些破铜烂铁，既然你已经完成了这部分的学习，是时候该换成像是我用的那种，真正的工匠材料⸺金属了。"
        },
        {
            "text": "显然你永远不可能和我，独一无二的§lTHRUUL§r §lM'GON§r一样强大且拉风，但我还是相信你这样的新手工匠能再学上一两招，比如尝试一下冶炼。",
            "paragraph": true
        },
        {
            "text": "别忘记看我的下一本著作，工匠。造起你自己的熔化炉后往一本书上浇注焦黑熔石就行！",
            "paragraph": true
        }
    ]
}