{
  "modifier_id": "tconstruct:pocket_chain",
  "text": [
    {
      "text": "加持这个强化后，当身着装有“工具腰带”或“副手套环”的盔甲时，可以潜行按下“护腿交互”键打开盔甲UI，且不需要“行囊”强化作为前置。"
    },
    {
      "text": "这个强化同时还会为“工具腰带”和“副手套环”强化额外增加一个物品槽。这样“工具腰带”就可以切换整个快捷栏的物品了。", "paragraph": true
    }
  ],
  "more_text_space": true,
  "effects": [
    "单个等级",
    "无槽位强化",
    "需要“工具腰带”或“副手套环”作为前置"
  ]
}
