{
  "title": "弓弩信息",
  "text": [
    { "text": "弓弩的数据与近战和采掘工具的数据相当不一样" },
    { "text": "首先是拉力⸺拉力是指弓弩返回其原始未拉动位置的速度。拉力越大意味着箭矢射出得越快！", "paragraph": true },
    { "text": "然后是拉弓速度⸺拉弓速度是指拉弓的容易程度。 这个值越高，你拉弓的速度就越快。", "paragraph": true },
    { "text": "最后还有精确度⸺精确度是指从这把弓弩射出的箭符合预期弹道的程度。", "paragraph": true }
  ]
}
