{
    "name": "灵气植物",
    "icon": "naturesaura:aura_bloom",
    "category": "practices",
    "pages": [
        {
            "type": "text",
            "text": "有一种能帮助发现$(#419600)灵气$()的自然指示物，它们是在世界各处出现的特定种类的植物。这类植物能在第一次生长时使附近区域还有高浓度$(#419600)灵气$()，因此为人所知。此外，所有的这些植物放在$(item)花盆$()里都十分完美，能作为相当不错的装饰。"
        },
        {
            "type": "spotlight",
            "item": "naturesaura:aura_bloom",
            "link_recipe": true,
            "text": "$(item)灵气花$()长在能找到$(thing)草$()的任意地区，通常以小群生长。首次开始使用$(#419600)灵气$()时，找到这种区域可以特别有用，因为在这里使用$(l:practices/aura_bottle)瓶与塞$()收集$(#419600)灵气$()对环境的破坏要少得多。"
        },
        {
            "type": "spotlight",
            "item": "naturesaura:aura_cactus",
            "link_recipe": true,
            "text": "$(item)灵气仙人掌$()可以长在任何颜色的沙漠区域中，也能长在$(thing)恶地$()区域。由于这些区域通常比较贫瘠，也找不到太多植物，可能会是寻找$(#419600)灵气$()的一个好的开始。"
        },
        {
            "type": "spotlight",
            "item": "naturesaura:aura_mushroom",
            "link_recipe": true,
            "text": "$(item)灵气蘑菇$()可以在菌丝侵染的岛上找到，在那里它会和巨型蘑菇和亮红色的牛一起出现。在这些区域，$(item)灵气蘑菇$()会使得地面升起漂亮的紫色$(#419600)灵气$()粒子。"
        },
        {
            "type": "spotlight",
            "item": "naturesaura:crimson_aura_mushroom",
            "link_recipe": true,
            "text": "$(item)绯红$()和$(item)诡异灵气蘑菇$()能在$(thing)下界$()的森林区域找到，在那里，带$(#419600)灵气$()的蘑菇与它们没$(#419600)灵气$()的对应者共同生长。当作为植物魔法学家着手于这些地狱般的区域的时候，这些蘑菇可能会特别有用。"
        }
    ]
}
