{
    "name": "灵气装瓶",
    "icon": "naturesaura:aura_bottle{stored_type:'naturesaura:overworld'}",
    "category": "practices",
    "advancement": "naturesaura:wood_stand",
    "turnin": "naturesaura:aura_bottle_overworld",
    "pages": [
        {
            "type": "text",
            "text": "$(#419600)灵气$()本身及其在世上的出现长久以来都是研究者眼中的谜团。当时，他们曾使用$(item)玻璃瓶$()来收集并进一步分析$(#419600)灵气$()，因为这样会使$(#419600)灵气$()变得肉眼可见。很快，来自不知情平民的抱怨开始烦扰研究者们：“其他科学家已经开发出玻璃瓶的用途了，你们这样会导致新问题”，他们说。"
        },
        {
            "type": "crafting",
            "text": "因此，也为了让所有语无伦次胡扯的人闭上嘴，研究者们创造了$(item)瓶与塞$()：一种与玻璃瓶类似，但又稍微有不同的器皿，只有一种用途，就是拿在手上与空气互动收集$(#419600)灵气$()。",
            "recipe": "naturesaura:bottle_two_the_rebottling"
        },
        {
            "type": "spotlight",
            "item": "naturesaura:aura_bottle{stored_type:'naturesaura:overworld'}",
            "link_recipe": true,
            "text": "当然，根据你当前所在世界的不同，$(#419600)灵气$()的种类也会稍微不同。例如，在普通世界，$(#419600)灵气$()可以以阳光的形式被收集。但在下界领域，$(#419600)灵气$()只能被以鬼魂的形式收集。在末地领域，$(#419600)灵气$()则会以过剩黑暗的形式出现。"
        },
        {
            "type": "text",
            "text": "此外，这种方式的$(#419600)灵气$()收集可以使用$(item)发射器$()轻松地进行自动化：将空的$(item)瓶与塞$()放进发射器，前者就会被打开射出，并在这个过程中装满$(#419600)灵气$()。由于瓶子并不会在之后被吸回发射器，自动化过程中还需要像$(item)漏斗$()这样的额外工具。"
        }
    ]
}
