{
  "name": "竹子相关的制作",
  "icon": "minecraft:crafting_table",
  "category": "bamboo",
  "sortnum": 1,
  "pages": [
    {
      "type": "stonecutting",
      "text": "使用切石机，竹子可以被切割成竹节，竹节可以被制作成木板、楼梯、石板和作为装饰性建材。",
      "recipe": "growthcraft_bamboo:bamboo_wood_log"
    },
    {
      "type": "crafting",
      "recipe": "growthcraft_bamboo:bamboo_wood",
      "recipe2": "growthcraft_bamboo:bamboo_plank"
    },
    {
      "type": "crafting",
      "recipe": "growthcraft_bamboo:bamboo_plank_slab",
      "recipe2": "growthcraft_bamboo:bamboo_plank_stairs"
    },
    {
      "type": "crafting",
      "recipe": "growthcraft_bamboo:bamboo_plank_fence",
      "recipe2": "growthcraft_bamboo:bamboo_plank_fence_gate"
    },
    {
      "type": "crafting",
      "recipe": "growthcraft_bamboo:bamboo_plank_door",
      "recipe2": "growthcraft_bamboo:bamboo_plank_trapdoor"
    },
    {
      "type": "crafting",
      "recipe": "growthcraft_bamboo:bamboo_plank_pressure_plate",
      "recipe2": "growthcraft_bamboo:bamboo_plank_button"
    }
  ]
}