{
  "name": "巴迪钢工具",
  "icon": "buddycards:buddysteel_axe",
  "category": "buddycards:buddysteel",
  "sortnum": 2,
  "pages": [
    {
      "type": "text",
      "text": "如同巴迪钢护甲一样，当你收集越多卡牌，装备就会变得越发强大。如果你没有完成任何卡组的收集，它相当于铁制工具，但是你一旦完成了所有卡组的收集，它甚至会变的比下界合金工具还要强力。"
    },
    {
      "type": "crafting",
      "recipe": "buddycards:buddysteel_sword",
      "recipe2" : "buddycards:buddysteel_axe"
    },
    {
      "type": "crafting",
      "recipe": "buddycards:buddysteel_pickaxe",
      "recipe2" : "buddycards:buddysteel_shovel"
    },
    {
      "type": "crafting",
      "recipe": "buddycards:buddysteel_hoe"
    },
    {
      "type": "relations",
      "title": "魔咒",
      "entries": [
        "buddycards:enchantments/buddy_binding"
      ],
      "text": "由于巴迪钢是由卡牌变化而成，巴迪钢工具可以附魔上巴迪绑定，也可以附上原版对应工具的附魔。"
    }
  ]
}