{
  "flag": "mod:aquaculture",
  "secret": true,
  "name": "巴迪钢鱼片刀",
  "icon": "buddycards:buddysteel_fillet_knife",
  "category": "buddycards:buddysteel",
  "sortnum": 4,
  "pages": [
    {
      "type": "text",
      "text": "巴迪钢鱼片刀不同于其他鱼片刀。当你收集更多的卡牌时，它会变得更尖锐，伤害更高。不过，这并不影响切鱼片的数量。"
    },
    {
      "type": "crafting",
      "recipe": "buddycards:aquaculture/buddysteel_fillet_knife",
      "text": "好吧，你还不如做个巴迪钢锄头！至少它能更快地破坏干草！"
    },
    {
      "type": "relations",
      "title": "魔咒",
      "entries": [
        "buddycards:enchantments/buddy_binding"
      ],
      "text": "万一你真的做了一把，并且真的想给它附魔，你可以给它附魔上『巴迪绑定』。你也可以获得普通的鱼片刀能够获得的附魔效果，但你为什么要对鱼片刀进行附魔呢？"
    }
  ]
}