{
  "name": "完美巴迪钢勋章",
  "icon": "buddycards:perfect_buddysteel_medal",
  "category": "buddycards:buddysteel",
  "sortnum": 8,
  "pages": [
    {
      "title": "完美巴迪钢勋章",
      "type": "crafting",
      "recipe": "buddycards:perfect_buddysteel_medal",
      "text": "由完美巴迪钢、紫砺勋章以及流光勋章，献祭3个史诗卡牌制成。完美巴迪钢勋章是最强力的勋章。它拥有紫砺勋章和流光勋章的全部能力。"
    },
    {
      "type": "relations",
      "title": "相关 & 巴迪提升",
      "entries": [
        "buddycards:enderlings/specialties",
        "buddycards:luminis/specialties",
        "buddycards:enchantments/buddy_boost"
      ],
      "text": "该勋章将使你卡牌评级时更加幸运，随着『巴迪提升』与收集进度增强。要是你尝试获得每一张S卡，它将会变得非常强力。"
    }
  ]
}