{
  "name": "水下矿车",
  "icon": "thermal:underwater_minecart",
  "read_by_default": true,
  "flag": "mod:thermal_locomotion",
  "category": "thermal:locomotion",

  "pages": [
    {
      "type": "text",
      "text": "水下矿车允许包含玩家在内的所有实体在水下搭乘$(l:thermal:storage_and_transport/locomotion/prismarine_rails)铁轨$(/l)，且乘客均具有 4 分钟的水下呼吸时间。乘坐于水下矿车中的怪物将表现出与在水下相同的行为：亡灵生物不会燃烧、烈焰人和末影人会受到伤害，僵尸会随时间推移转变为溺尸。水下矿车接受水下呼吸附魔，能够降低乘客每 tick 消耗氧气的几率。"

    },
    {
      "type": "crafting",
      "recipe": "thermal:underwater_minecart"


    }

  ]
}