{
  "name": "巴迪卡牌夹",
  "icon": "buddycards:binder.1",
  "category": "buddycards:items",
  "sortnum": 0,
  "pages": [
    {
      "type": "text",
      "text": "巴迪卡牌夹可以轻易存储你的巴迪卡牌。 每个卡牌夹有54个卡牌槽，每个卡牌槽能容纳一组同种卡牌，通过『额外插槽』附魔可以扩充容量。 $(br2)根据你合成它时使用的卡牌种类，卡牌夹的颜色也多种多样。"
    },
    {
      "type": "crafting",
      "recipe": "buddycards:binder.1",
      "recipe2": "buddycards:binder.2"
    },
    {
      "type": "crafting",
      "recipe": "buddycards:binder.3",
      "recipe2": "buddycards:byg/binder.4"
    },
    {
      "type": "crafting",
      "recipe": "buddycards:create/binder.5",
      "recipe2": "buddycards:aquaculture/binder.6"
    },
    {
      "type": "crafting",
      "recipe": "buddycards:fd/binder.7"
    },
    {
      "type": "relations",
      "title": "卡牌夹魔咒",
      "entries": [
        "buddycards:enchantments/buddy_binding",
        "buddycards:enchantments/extra_page"
      ],
      "text": "巴迪卡牌夹可以附魔『巴迪绑定』和『额外插槽』。"
    }
  ]
}