{
  "name": "Booster Box",
  "icon": "buddycards:booster_box.1",
  "category": "buddycards:items",
  "sortnum": 10,
  "pages": [
    {
      "type": "text",
      "text": "『Booster box』是存储未开卡包的一种很棒的方式。你可以将4个堆成一个方块，它由6个相应卡包合成得到。"
    },
    {
      "type": "crafting",
      "recipe": "buddycards:booster_box.1",
      "recipe2": "buddycards:booster_box.2"
    },
    {
      "type": "crafting",
      "recipe": "buddycards:booster_box.3",
      "recipe2": "buddycards:byg/booster_box_mystery"
    },
    {
      "type": "crafting",
      "recipe": "buddycards:create/booster_box.4",
      "recipe2": "buddycards:aquaculture/booster_box.5"
    },
    {
      "type": "crafting",
      "recipe": "buddycards:fd/booster_box.6",
      "recipe2": "buddycards:fd/booster_box.7"
    }
  ]
}