{
  "name": "卡片展示框",
  "icon": "buddycards:oak_card_display",
  "category": "buddycards:items",
  "sortnum": 2,
  "pages": [
    {
      "type": "text",
      "text": "卡片展示框是展示你收藏的一种很棒的方式。将它放置在世界上，它可以存储并展示6张卡牌。$(br2)卡片展示框可以用原版任意木板合成，也支持『Oh The Biomes You'll Go（你将去的生物群系）』模组的木板。"
    },
    {
      "type": "crafting",
      "recipe": "buddycards:oak_card_display",
      "recipe2": "buddycards:spruce_card_display"
    },
    {
      "type": "crafting",
      "recipe": "buddycards:birch_card_display",
      "recipe2": "buddycards:jungle_card_display"
    },
    {
      "type": "crafting",
      "recipe": "buddycards:acacia_card_display",
      "recipe2": "buddycards:dark_oak_card_display"
    },
    {
      "type": "crafting",
      "recipe": "buddycards:warped_card_display",
      "recipe2": "buddycards:crimson_card_display"
    }
  ]
}