{
  "name": "末影卡牌夹",
  "icon": "buddycards:ender_binder",
  "category": "buddycards:items",
  "sortnum": 6,
  "pages": [
    {
      "type": "text",
      "text": "有时你有一些不想冒任何风险的卡牌。这个末影卡牌夹, 很像末影箱，它的存储容量和普通的卡牌夹一样，可以让你的卡牌永远安全。"
    },
    {
      "title": "末影卡牌夹",
      "type": "crafting",
      "recipe": "buddycards:ender_binder",
      "text": "即使它被摧毁了，你也可以做一个新的，卡牌仍保存其中。每个玩家都有自己的末影卡牌夹空间，这个空间只有自己才能看到。"
    }
  ]
}