{
  "name": "被附身的恶魂",
  "icon": "minecraft:ghast_tear",
  "category": "occultism:rituals/possession",
  "sortnum": 4,
  "pages": [
    {
      "type": "entity",
      "entity": "occultism:possessed_ghast",
      "scale": 0.5,
      "text": "掉落：1-3x $(item)恶魂之泪$()"
    },
    {
      "type": "occultism:ritual",
      "recipe": "occultism:ritual/possess_ghast"
    },
    {
      "type": "text",
      "text": "本仪式利用$(thing)绵羊$()的生命能量生成了一只$(thing)恶魂$()，之后该恶魂立即被召唤出的$(thing)巨灵$()附身。$(thing)被附身的恶魂$()被杀死时总会掉落至少一个$(item)恶魂之泪$()。"
    }
  ]
}

