{
    "name": "物品束缚器",
    "icon": "naturesaura:pickup_stopper",
    "category": "devices",
    "advancement": "naturesaura:infused_materials",
    "pages": [
        {
            "type": "text",
            "text": "很多的机械都需要使用世界中掉落在地上的$(thing)物品$()，但这些物品很容易被检查机械的人意外拾取。$(br)$(item)物品束缚器$()使得范围内的物品只能被潜行的人捡起来。它的影响范围是其周围的 0 到 8 格，这一范围会被通入的$(thing)红石信号$()强度相对地决定。"
        },
        {
            "type": "crafting",
            "text": "制作$(item)物品束缚器$()",
            "recipe": "naturesaura:pickup_stopper"
        }
    ]
}
