{
  "name": "啤酒和贮藏啤酒",
  "icon": "growthcraft_cellar:textures/item/potion/pint_ale_icon.png",
  "category": "cellar",
  "sortnum": 3,
  "pages": [
    {
      "type": "patchouli:text",
      "text": "啤酒和贮藏啤酒的酿造方法是一样的，区别在于它们发酵过程中使用的酵母类型不同。"
    },
    {
      "type": "patchouli:text",
      "text": "1. 种植小麦$(br)2. 将小麦放入切石机中，制成谷物。$(br)3. 在焙烤炉中焙烤谷物。$(br)4. 将焙烤好的谷物加水放入糖化锅中。$(br)5. 将所得的麦芽汁放入装有酿酒酵母或者贮藏啤酒酵母的发酵桶中。$(br)6. 用玻璃瓶取出发酵后的液体。$(br)7. 享受效果。"
    }
  ]
}