{
  "name": "发酵桶",
  "icon": "growthcraft_cellar:barrel_ferment_oak",
  "category": "cellar",
  "sortnum": 2,
  "pages": [
    {
      "type": "patchouli:spotlight",
      "item": "growthcraft_cellar:barrel_ferment_oak",
      "text": "发酵桶最多可容纳八桶液体。它可以用来发酵液体或作为储罐。$(br2)将未发酵的液体与相应的酵母一起放入桶中，以产生具有效果的发酵液体。使用玻璃瓶来提取饮品。"
    },
    {
      "type": "patchouli:text",
      "text": "$(br2)如果你不巧往桶里放了太多的酵母，那么所有的酵母都会在发酵过程中消耗掉。"
    },
    {
      "type": "patchouli:crafting",
      "title": "制作",
      "recipe": "growthcraft_cellar:barrel_ferment_oak",
      "text": "发酵桶用木板和铁就能轻易制作出来。$(br2)目前只有一种发酵桶类型。"
    }
  ]
}