{
  "name": "小鹿使魔",
  "icon": "occultism:textures/gui/book/familiar_deer.png",
  "category": "occultism:rituals/familiars",
  "sortnum": 12,
  "pages": [
    {
      "type": "entity",
      "entity": "occultism:deer_familiar",
      "scale": 0.7,
      "text": "$(bold)提供$()：$(thing)跳跃提升$()"
    },
    {
      "type": "occultism:ritual",
      "recipe": "occultism:ritual/familiar_deer"
    },
    {
      "type": "text",
      "text": "被铁匠使魔升级后，它会使用锤子攻击附近的敌人。"

    }
  ]
}

